tsla,tsla_exponential_moving_average_5,tsla_sortino_ratio_5,tsla_exponential_moving_average_10,tsla_exponential_moving_average_21,state_0,state_1,state_2,state_3,state_4
16.97866630554199,16.97866630554199,0.007616978,16.97866630554199,16.97866630554199,0,0,0,0,1
19.97866630554199,18.58247218968428,0.3949100187939277,18.53063154003855,18.50341931474151,0,0,0,0,1
21.87533378601074,19.83526876303585,0.2121079360784074,19.72364119377491,19.66468703899981,0,0,0,0,1
21.84733390808105,20.44718041894883,-0.00301841,20.31097224058518,20.23765449662182,0,0,0,0,1
21.08133316040039,20.61136184927908,-0.090954727,20.48710730593757,20.41770881806938,0,0,0,0,1
21.00066757202148,20.70060073838184,-0.012850243,20.58818590840674,20.52305862,0,0,0,0,1
20.99466705322266,20.76189280883816,-0.001346838,20.65899459273572,20.59728220410092,0,0,0,0,1
20.88733291625977,20.78612440617965,-0.023187984,20.69491872029652,20.63786241826859,0,0,0,0,1
21.16466713,20.85486794636622,0.029553304,20.76269882445465,20.70441581126782,0,0,0,0,1
21.14800071716309,20.90546244244502,-0.004235644,20.81430385467443,20.75564685927632,0,0,0,0,1
21.77199935913086,21.04883937569401,0.065838945,20.93452126054243,20.86403015674165,0,0,0,0,1
22.36933326721191,21.25973354,0.06120975,21.10466622617123,21.01347069847217,0,0,0,0,1
22.47599983215332,21.44827651910787,0.01052758,21.25930195671859,21.14957216585881,0,0,0,0,1
23.00600051879883,21.68373133309601,0.052590042,21.44763985055571,21.31245999535112,0,0,0,0,1
23.32866668701172,21.92708671,0.031225038,21.64250008842137,21.48010094261958,0,0,0,0,1
23.07399940490723,22.09368269055728,-0.061589128,21.78555326470558,21.60623602,0,0,0,0,1
23.29000091552734,22.26475111357131,0.020796677,21.93109839035328,21.73354168089871,0,0,0,0,1
23.47800064086914,22.43592190750424,0.017914311,22.07642347903139,21.85998172314123,0,0,0,0,1
23.33266639709473,22.56098361247215,-0.039351409,22.19134195142341,21.96261660535695,0,0,0,0,1
23.96800041,22.75526364674428,0.06074804,22.34997862097646,22.09736081340876,0,0,0,0,1
23.48133277893066,22.85466104048323,-0.122106704,22.44879077417083,22.18723102999534,0,0,0,0,1
23.65533256530762,22.96346095041661,0.016434168,22.55206580190012,22.27956635772055,0,0,0,0,1
22.20266723632812,22.86074101494732,-0.164324921,22.52270566476638,22.27487264713938,0,0,0,0,1
22.42266654968262,22.80192107310847,0.022020692,22.51444036256585,22.28364302,0,0,0,0,1
21.92799949645996,22.68514310580988,-0.064889943,22.46673497057888,22.26309076928994,0,0,0,0,1
22.08600044250488,22.60541545840355,0.015976502,22.43620230678919,22.25310964221675,0,0,0,0,1
21.99600028991699,22.52461336641421,-0.012703003,22.40136154316289,22.23895666503538,0,0,0,0,1
22.32466697692871,22.49818554837804,0.033252568,22.39536442794922,22.24357054649563,0,0,0,0,1
22.41333389282227,22.48700080090955,0.008723818,22.39675394522292,22.25251795383651,0,0,0,0,1
22.20199966430664,22.44952195738628,-0.031464987,22.38184867484764,22.24990819204327,0,0,0,0,1
22.02466773986816,22.39376641165759,-0.0286279,22.35477132903067,22.23849143,0,0,0,0,1
22.39266777038574,22.39362248889731,0.037202126,22.35761902304293,22.24616633927815,0,0,0,0,1
22.63533210754395,22.42523757187775,0.024073446,22.37831826347891,22.26520936142811,0,0,0,0,1
23.25600051879883,22.53375320906243,0.061152642,22.44324464279469,22.31290636065379,0,0,0,0,1
23.51333236694336,22.66155765146323,0.024584135,22.52185330635725,22.36980354959997,0,0,0,0,1
23.97866630554199,22.83322415898986,0.044092451,22.62818043256281,22.44493791674789,0,0,0,0,1
23.89266777038574,22.97118537402946,-0.013671017,22.71991827508608,22.51159860968177,0,0,0,0,1
25.43333244,23.29156024230294,0.1440205047428628,22.91568210390723,22.64432775554891,0,0,0,0,1
25.26600074768066,23.54830248239209,-0.026623218,23.08437602,22.76190191365688,0,0,0,0,1
26.20999908447266,23.89420880477986,0.083382104,23.30764388430219,22.91464790538809,0,0,0,0,1
26.93600082397461,24.28931064687244,0.061776643,23.56567082203961,23.09070551,0,0,0,0,1
27.03933334350586,24.64635652876159,0.008420903,23.81167664103151,23.26164540666798,0,0,0,0,1
27.94799995422363,25.07485672561814,0.074981749,24.10348786207611,23.46235003,0,0,0,0,1
28.35000038146973,25.49977555425698,0.032004398,24.40200364297887,23.66952941891613,0,0,0,0,1
28.72933387756348,25.91865819015957,0.029760669,24.70519112364311,23.88189940008665,0,0,0,0,1
28.69199944,26.27827711006337,-0.005723405,24.98365823576609,24.08188815010773,0,0,0,0,1
27.64666748046875,26.45567705868091,-0.135567645,25.16912761040728,24.22876258003508,0,0,0,0,1
27.88866615,26.64141602962165,0.019414926,25.35802789105313,24.37825074698533,0,0,0,0,1
28.68400001525879,26.90612431931958,0.06362966,25.58847669806271,24.55265743855715,0,0,0,0,1
29.53400039672852,27.24663392618071,0.066122876,25.86121984017397,24.75282064109923,0,0,0,0,1
30.10266685,27.61666035687849,0.042917307,26.15378733083495,24.96614558976089,0,0,0,0,1
31.27066612243652,28.09001967627194,0.086619975,26.50603211156099,25.21568983563861,0,0,0,0,1
32.80933380126953,28.70132609058543,0.1098829620600011,26.93913886921753,25.51413687703131,0,0,0,0,1
32.08933258056641,29.14014775200894,-0.086771832,27.29239820103357,25.77080259174122,0,0,0,0,1
31.87666702270508,29.49456168380749,-0.027805708,27.60632994708904,26.00759269520933,0,0,0,0,1
34.99066543579102,30.20633177318317,0.2182886806359861,28.11124683277069,26.35377783,0,0,0,0,1
35.86133193969727,30.93863934824487,0.055501371,28.64042648159651,26.71796481931878,0,0,0,0,1
34.56666564941406,31.40843665235894,-0.140454782,29.04454223,27.01686479,0,0,0,0,1
34.23266602,31.77413411019012,-0.04000853,29.39789272576635,27.29012797870194,0,0,0,0,1
34.03333282470703,32.06665752803652,-0.025202991,29.71324160839379,27.54412184226266,0,0,0,0,1
36.47999954223633,32.63808361,0.1606054489676962,30.17309518417848,27.87896566491781,0,0,0,0,1
37.97066879272461,33.32851150798871,0.091230671,30.70247618907705,28.25523767524241,0,0,0,0,1
38.14666748046875,33.95231956305221,0.01022952,31.20739961755109,28.62227439939266,0,0,0,0,1
37.65466690063477,34.43165355353944,-0.059617162,31.64432771997446,28.95588781755942,0,0,0,0,1
37.20133209228516,34.79023065184933,-0.059687035,32.02062117337713,29.25908076570881,0,0,0,0,1
37.79333114624023,35.17902163540108,0.035446594,32.41122893182353,29.57154892271235,0,0,0,0,1
38.73266602,35.63908145972026,0.055438077,32.83866790551799,29.90558417368769,0,0,0,0,1
42.72066879272461,36.55586279,0.2300792566355295,33.50642856420676,30.37099255537778,0,0,0,0,1
43.37133407592773,37.43818356502375,0.033920161,34.17263003334349,30.84131866522744,0,0,0,0,1
52,39.32331755936457,0.4446951932834634,35.37587602811116,31.60396779375383,0,0,0,0,1
59.13733291625977,41.88836697797888,0.3067575644002976,36.97879389429283,32.59285142602075,0,0,0,0,1
48.97999954223633,42.80641728406666,-0.172935522,37.78798216656719,33.17938728937746,0,0,0,0,1
49.93066787719727,43.72868464831821,0.043263156,38.60633453985015,33.77696984953067,0,0,0,0,1
49.87133407592773,44.52387503238163,-0.001318157,39.36521099040191,34.34928305853047,0,0,0,0,1
51.41866683959961,45.41642918660763,0.069238018,40.17687874348676,34.95439702974642,0,0,0,0,1
51.62533187866211,46.22018949621962,0.008852515,40.94751953672678,35.54362877799933,0,0,0,0,1
51.15266799926758,46.85871082771411,-0.010335396,41.63423030065697,36.09374549765154,0,0,0,0,1
53.59999847412109,47.73138428668877,0.1068395135445682,42.43915377368766,36.70901907743504,0,0,0,0,1
53.33533477783203,48.45682523642829,-0.005936434,43.17190617145295,37.29180590686426,0,0,0,0,1
57.22666549682617,49.59209344093783,0.1629965366860682,44.11680235887547,37.98876322366008,0,0,0,0,1
61.16133117675781,51.08974464305371,0.153597024,45.26239877404537,38.79690134362206,0,0,0,0,1
59.96066665649414,52.23809378024664,-0.025075909,46.25005642060075,39.53321095187388,0,0,0,0,1
60.06666564941406,53.25150820099621,0.003818491,47.17825846375092,40.24593585482501,0,0,0,0,1
55.58599853515625,53.55370930819597,-0.094856181,47.74297143145748,40.77720471089155,0,0,0,0,1
53.32733154296875,53.52440461042792,-0.055339061,48.11797513348106,41.21091158221423,0,0,0,0,1
51.91999816894531,53.31671372089804,-0.03852841,48.37324310968434,41.58022407593675,0,0,0,0,1
45.26666641235352,52.27463360606034,-0.148432911,48.16470351177895,41.70709836770183,0,0,0,0,1
44.53266525268555,51.27243511914738,-0.019793339,47.92092985619917,41.80415528479889,0,0,0,0,1
49.57466888427734,51.05265927334479,0.2530153168660886,48.03190812,42.07056763104048,0,0,0,0,1
49.70066833496094,50.87764414031251,0.005548633,48.14387869507031,42.33169150206139,0,0,0,0,1
49.96666717529297,50.75971829372213,0.011832427,48.26616823856331,42.59252454068123,0,0,0,0,1
48.30266571044922,50.44165330133978,-0.043430356,48.26861652788379,42.78726958481061,0,0,0,0,1
46.89866638183594,49.98301448607624,-0.040491818,48.17672929214944,42.92726011170176,0,0,0,0,1
40.53333282470703,48.75975583786021,-0.152234607,47.66411512886387,42.84587704289999,0,0,0,0,1
43.02199935913086,48.01700507706003,0.1371457449805438,47.35281659840734,42.85185530093317,0,0,0,0,1
42.28200149536133,47.27461086121083,-0.020171854,47.01280114270944,42.83254080564848,0,0,0,0,1
37.36999893188477,45.99246257284378,-0.129328785,46.36627421293099,42.64765821330224,0,0,0,0,1
36.44133377075195,44.75607277367764,-0.02901999,45.70088422399747,42.43789082330392,0,0,0,0,1
29.67133331298828,42.80335960850041,-0.160428044,44.62630844368496,42.00696774675186,0,0,0,0,1
28.68000030517578,40.97509695875146,-0.030349401,43.55738802401941,41.55770623813428,0,0,0,0,1
24.08133316040039,38.78820694,-0.135441269,42.25194541948687,40.96929641883486,0,0,0,0,1
28.50933265686035,37.45761148861679,0.4109962497330772,41.33086069686024,40.55028654301366,0,0,0,0,1
28.50200080871582,36.29831200134429,-0.000265508,40.47106832775525,40.14559034103932,0,0,0,0,1
28.95266723632812,35.34742190344367,0.035219346,39.69914416641473,39.77004646289434,0,0,0,0,1
33.66666793823242,35.12984914566249,0.3639096317340936,39.29488812726203,39.56548817056789,0,0,0,0,1
35.95000076293945,35.23601735460235,0.1515085928019051,39.07074661447386,39.44443978,0,0,0,0,1
35.21066665649414,35.23273571982629,-0.017942527,38.81209311907278,39.30283421469324,0,0,0,0,1
34.29066848754883,35.11078560890587,-0.023948368,38.50913691304714,39.13535788031271,0,0,0,0,1
33.47533416748047,34.89907728307604,-0.022931276,38.17186169679408,38.94641273513635,0,0,0,0,1
34.93333435058594,34.90351184,0.097249309,37.95488126111392,38.81256892525407,0,0,0,0,1
32.10400009155273,34.54111654783801,-0.082397779,37.56288666643131,38.58902291738789,0,0,0,0,1
30.29800033569336,33.99184744506074,-0.061341609,37.07617207255234,38.31298146474976,0,0,0,0,1
32.00066757202148,33.73409029157514,0.1256517007070072,36.73614586272605,38.10299258226518,0,0,0,0,1
34.41600036621094,33.82236317870714,0.1687603812356592,36.58071514279961,37.98043692,0,0,0,0,1
36.36333465576172,34.15129054430366,0.1265122767777272,36.56615279398618,37.92672588,0,0,0,0,1
36.58933258056641,34.46689374531082,0.013896112,36.56770557517171,37.88233831879317,0,0,0,0,1
38.20000076293945,34.95014238955662,0.098424711,36.67704836624686,37.89287381153611,0,0,0,0,1
43.39666748046875,36.04354039067479,0.3041683705309905,37.12716738948819,38.07528367752015,0,0,0,0,1
47.32600021362305,37.50404855938727,0.2024486960047819,37.81033147260284,38.38166958543282,0,0,0,0,1
48.65533447265625,38.94757632542477,0.062803949,38.53676623252707,38.72171406969617,0,0,0,0,1
49.68066787719727,40.33696905298685,0.047118038,39.28321002164822,39.08421216438543,0,0,0,0,1
50.25933456420898,41.62141373720529,0.026043156,40.01840450263488,39.45363544786409,0,0,0,0,1
49.75733184814453,42.67460379515131,-0.011129614,40.67072068938771,39.79405078530412,0,0,0,0,1
45.78133392333984,43.07676827400392,-0.093550042,41.01302650386717,39.99174702281736,0,0,0,0,1
48.80733489990234,43.81858691782843,0.1477859608052558,41.53507814378653,40.28267172447877,0,0,0,0,1
47.04199981689453,44.23585591270235,-0.044963387,41.90391962438471,40.50561863143418,0,0,0,0,1
48.34333419799805,44.76756667501647,0.061852276,42.33521277203491,40.76400146637599,0,0,0,0,1
53.25,45.86561291240378,0.2269354989556155,43.06624592761113,41.17541734625166,0,0,0,0,1
51.27466583251953,46.56581177799948,-0.049074792,43.61601117958691,41.50802908159152,0,0,0,0,1
53.36733245849609,47.44626481,0.09125355,44.26910771789745,41.89842504512531,0,0,0,0,1
52.12533187866211,48.05196741588352,-0.032209598,44.79527548,42.23493253026916,0,0,0,0,1
46.75466537475586,47.88403239552827,-0.13696221,44.92650390133471,42.38358561384297,0,0,0,0,1
50.74599838256836,48.25451228405849,0.1908734699111954,45.31625668224125,42.65850775000629,0,0,0,0,1
51.2140007,48.63761639595906,0.02062048,45.71124749730905,42.93966294697123,0,0,0,0,1
52.17200088500977,49.09514048057041,0.041824374,46.14394217289811,43.2429414,0,0,0,0,1
52.00266647338867,49.47151808498384,-0.004269259,46.53631501299739,43.53058502048275,0,0,0,0,1
54.62799835205078,50.13902155469935,0.1128784811857774,47.07823156093007,43.89485709401229,0,0,0,0,1
54.08599853515625,50.64995550401419,-0.013374765,47.54755365583485,44.22926154244553,0,0,0,0,1
53.96066665649414,51.07852519962591,-0.003175405,47.97704874,44.54847041,0,0,0,0,1
52.73066711425781,51.29239404062659,-0.033209451,48.29540377668281,44.81677272348951,0,0,0,0,1
53.55533218383789,51.58533010951102,0.034967686,48.64766550737622,45.10322626034211,0,0,0,0,1
53.27799987792969,51.80444525817711,-0.007802485,48.95776162506242,45.37111503670086,0,0,0,0,1
54.24200057983398,52.11998542227565,0.040455912,49.31164884416389,45.66172777185043,0,0,0,0,1
53.86733245849609,52.34617851232454,-0.01087214,49.61674345977666,45.93046723,0,0,0,0,1
54.37066650390625,52.60824734,0.020892163,49.93511320482642,46.20681175877817,0,0,0,0,1
55.17333221435547,52.94029613517792,0.033008258,50.28591518772902,46.50030862116245,0,0,0,0,1
54.45866775512695,53.13684848636493,-0.021604403,50.56536244349014,46.76073698470056,0,0,0,0,1
54.59133148193359,53.32513049106803,0.005446754,50.83497899770104,47.01691889975049,0,0,0,0,1
54.68199920654297,53.50077638215528,0.003713484,51.09261085918961,47.26762393597524,0,0,0,0,1
53.72066879272461,53.52924133086545,-0.031290504,51.26860940811588,47.47863593936786,0,0,0,0,1
55.66666793823242,53.80593000140931,0.080994176,51.56314261743508,47.7463194,0,0,0,0,1
59.87333297729492,54.59135189944748,0.1689644207846175,52.11966599080379,48.14268747631692,0,0,0,0,1
58.77066802978516,55.13236201865953,-0.035025655,52.56507474141837,48.48998488671445,0,0,0,0,1
58.86399841308594,55.61542024816011,0.003550708,52.98690457,48.82891227144994,0,0,0,0,1
57.62533187866211,55.87560217667431,-0.042854717,53.29753287611327,49.11624018287065,0,0,0,0,1
59.04399871826172,56.28574932440358,0.05504521,53.68236425102852,49.44045882643393,0,0,0,0,1
63.32799911499023,57.19736459324472,0.1622281808794389,54.32831569729348,49.89390922753365,0,0,0,0,1
62.71133422851562,57.91114486,-0.020926026,54.88971121021883,50.31234192174584,0,0,0,0,1
68.33666992,59.26072320413535,0.2005649139198816,55.79022853509549,50.90065279410438,0,0,0,0,1
64.85600280761719,59.98502899717539,-0.109765447,56.39734558139979,51.35607479489774,0,0,0,0,1
62.35200119018555,60.29143221431639,-0.087991188,56.79611673,51.71485874755334,0,0,0,0,1
66.05999755859375,61.03816974885437,0.1329662624879562,57.41649935788487,52.18284835140824,0,0,0,0,1
65.47533416748047,61.61255818349623,-0.020924334,57.95618210560402,52.61642930419666,0,0,0,0,1
66.11933135986328,62.19595743260709,0.0219917,58.50285011246897,53.05680754,0,0,0,0,1
66.93066406,62.80886253887619,0.027436145,59.06724169014245,53.50921816495759,0,0,0,0,1
66.72666931152344,63.31602042,-0.007363484,59.58017580821826,53.94016355328343,0,0,0,0,1
66.28800201416016,63.70074176,-0.016587223,60.02938308187412,54.34270108608857,0,0,0,0,1
66.78533172607422,64.1000402,0.016774981,60.48181272,54.74827544830546,0,0,0,0,1
64.05666351,64.09442510843276,-0.105386034,60.72121173803112,55.05164882931149,0,0,0,0,1
65.73200225830078,64.30640854805465,0.05847778,61.05677194933055,55.39969360868837,0,0,0,0,1
63.98266602,64.26450025959242,-0.073460749,61.25271171682318,55.67935690171433,0,0,0,0,1
67.29000091552734,64.65614961526768,0.1155761968716294,61.65701359896915,56.05762872950711,0,0,0,0,1
71.98733520507812,65.60516746027666,0.1560822410393107,62.34880862044255,56.57655664041331,0,0,0,0,1
74.64199829101562,66.77498012094314,0.082430529,63.17205151714175,57.16499501349765,0,0,0,0,1
80.57733154296875,68.56168674,0.1777705389182714,64.33763734003398,57.92751605586753,0,0,0,0,1
91.43866729736328,71.52309898,0.3013635311943004,66.15252137780863,59.01883720338291,0,0,0,0,1
92.65733337402344,74.25891372168323,0.029777032,67.92747768305598,60.11419845,0,0,0,0,1
91.05867004394531,76.43363271440418,-0.05079368,69.47651122541797,61.12173968255012,0,0,0,0,1
92.95200348,78.57192650518313,0.046467514,71.04860114,62.15802725278204,0,0,0,0,1
102.9766693115234,81.73110671441282,0.2411145599980623,73.18673650902412,63.48682899968505,0,0,0,0,1
99.80400085449219,84.07063268048451,-0.096188919,74.96922142000285,64.66898964,0,0,0,0,1
101.1200027,86.27766403172109,0.029459925,76.72046683010684,65.85540872780692,0,0,0,1,0
103.0673294067383,88.45107675698449,0.043035685,78.48484286616853,67.06649707330092,0,0,0,1,0
100.0426635742188,89.95160114099208,-0.097656352,79.92850980161353,68.13964664,0,0,0,1,0
100.0559997558594,91.25960985,0.000275698,81.27639122749541,69.17822864220679,0,0,0,1,0
109.5333328,93.62513299551046,0.211762821,83.16867883701663,70.49131868246431,0,0,0,1,0
104.5573348999023,95.04030037397482,-0.148992549,84.60101651204249,71.59969416701938,0,0,0,1,0
106.1553344726562,96.47913528,0.03414998,86.04444786784151,72.72392379557576,0,0,0,1,0
100.8713302612305,97.04770244360495,-0.15925471,87.03736185632245,73.63960846930907,0,0,0,1,0
94.46666717529297,96.71358888200791,-0.181558206,87.53488115743635,74.31710629883639,0,0,0,1,0
102.6399993896484,97.48075938390033,0.1934295929668743,88.54642753809779,75.23838468847153,0,0,0,1,0
98.43267059326172,97.60398375374461,-0.124842264,89.20848075974405,75.99279645,0,0,0,1,0
99.94066619873047,97.90646598,0.034231804,89.92718422631548,76.77167427981773,0,0,0,1,0
99.16600036621094,98.069512,-0.022568522,90.545881,77.49998428898272,0,0,0,1,0
95.38400268554688,97.72187432920204,-0.118152764,90.86987597215438,78.08157839942226,0,0,0,1,0
99,97.88732697732387,0.084762765,91.41432674186032,78.76181684803366,0,0,0,1,0
99.13333129882812,98.04862153,0.003011268,91.93124599227468,79.42423723165894,0,0,0,1,0
99.00133514404297,98.17194977492068,-0.003815466,92.40470923100814,80.06079453304018,0,0,0,1,0
99.30533599853516,98.31866598313566,0.006865724,92.86682403448854,80.68650910178118,0,0,0,1,0
96.84733581542969,98.12820312172052,-0.075841101,93.13338725482517,81.21193617574328,0,0,0,1,0
94.57133483886719,97.66776852607491,-0.076886176,93.22968238853967,81.64626295017811,0,0,0,1,0
91.62599945,96.88566492257007,-0.108927693,93.12228845050721,81.97069982531616,0,0,0,1,0
103.6506652832031,97.76139040855605,0.293431578,93.8273429,82.67547689722181,0,0,0,1,0
108.0666656494141,99.09540248356421,0.095259778,94.78090843,83.50086621612452,0,0,0,1,0
110.0473327636719,100.5131236891449,0.040980032,95.80325589030703,84.36377666427815,0,0,0,1,0
122.3759994506836,103.3432606,0.2504892823216764,97.58275415284824,85.59934284,0,0,0,1,0
125.8059997558594,106.2510495664233,0.062668668,99.47278158955467,86.90619054201063,0,0,0,1,0
125.2353363037109,108.7085547907908,-0.015241749,101.1980237541187,88.15196933798158,0,0,0,1,0
133.4553375244141,111.9120118758923,0.1467565703040199,103.3582007,89.62437527891532,0,0,0,1,0
136.6653289794922,115.1163148315065,0.053779961,105.5886804698309,91.15320437928133,0,0,0,1,0
134.2799987792969,117.5970429237196,-0.062126012,107.5100531,92.55477897653556,0,0,0,1,0
134.8893280029297,119.8355194865465,0.010145962,109.3435619772508,93.93056420229033,0,0,0,1,0
143.5446624755859,122.9046546912098,0.1434692480832293,111.6339082508522,95.54287181261974,0,0,0,1,0
149.25,126.3150448012022,0.088868296,114.1529463,97.28814030741897,0,0,0,1,0
147.5599975585938,129.0651919684473,-0.041673733,116.3901173,98.92173070273735,0,0,0,1,0
166.1066741943359,133.8601909772657,0.2810282757260477,119.7194874660447,101.1048552480495,0,0,0,1,0
158.3500061035156,137.0303837503411,-0.161518728,122.3064584939254,102.9649452368041,0,0,0,1,0
149.1233367919922,138.5958097096693,-0.17707788,124.1023051016988,104.4647508692027,0,0,0,1,0
135.6666717529297,138.2166344511414,-0.192320535,124.8767363389942,105.4785573478328,0,0,0,1,0
139.4400024414062,138.3749987483627,0.062187666,125.8519949,106.5819997,0,0,0,1,0
110.0699996948242,134.7109325649782,-0.178899473,124.7951216918704,106.6953258432158,0,0,0,1,0
122.0933303833008,133.0775910700064,0.2442352724130147,124.6141907728905,107.1956004342828,0,0,0,1,0
123.7799987792969,131.8740229852717,0.030888038,124.5583274197773,107.7344089490361,0,0,0,1,0
124.2399978637695,130.8858027,0.008309197,124.5370098378542,108.2706459562814,0,0,0,1,0
139.8733367919922,132.0492339547374,0.2813473741881733,125.5640379479302,109.2973402320943,0,0,0,1,0
149.9199981689453,134.3625943157345,0.1605977243992143,127.1950839987397,110.6170456996758,0,0,0,1,0
147.2533264160156,136.0312923248165,-0.015770153,128.5383246855934,111.8072237401648,0,0,0,1,0
141.1433258056641,136.6930421793236,-0.039291614,129.3824440178697,112.7602286,0,0,0,1,0
147.3833312988281,138.0768941,0.098850116,130.5879097427753,113.8849658033065,0,0,0,1,0
149.7966613769531,139.5940113584125,0.036611786,131.8742625293739,115.0515434218685,0,0,0,1,0
141.4100036621094,139.8290905391846,-0.056819855,132.5128426575394,115.9077738279709,0,0,0,1,0
126.7866668701172,138.1407561419705,-0.107223105,132.1293777553263,116.2611590856366,0,0,0,1,0
129.2633361816406,136.9915791287221,0.043676416,131.9374475064212,116.6835097029733,0,0,0,1,0
135.7799987792969,136.8347407349675,0.1127203771990934,132.1947716932797,117.3038130675693,0,0,0,1,0
140.3999938964844,137.2962607484326,0.076077858,132.7442509243218,118.0540259897423,0,0,0,1,0
139.6900024414062,137.6061292622026,-0.005292581,133.2093872,118.7567986101437,0,0,0,1,0
143.0033264160156,138.3047933935435,0.053033603,133.8652580226041,119.5443557044095,0,0,0,1,0
149.3866729736328,139.7393364628062,0.099805584,134.9046808201573,120.5136583232099,0,0,0,1,0
138.3633270263672,139.5612128,-0.082083272,135.1362960247159,121.0934227,0,0,0,1,0
141.8933258056641,139.8631035291552,0.057043494,135.5887941222137,121.7690036673133,0,0,0,1,0
137.9933319091797,139.6210626461844,-0.032125411,135.7498188334986,122.2959637,0,0,0,1,0
141.7666625976562,139.8988093512943,0.06113914,136.1527488816822,122.9283574537398,0,0,0,1,0
141.9733276367188,140.1673545747744,0.003259459,136.5425356473026,123.5469170154614,0,0,0,1,0
144.6666717529297,140.7497886490387,0.042416775,137.0865848,124.2328559636576,0,0,0,1,0
147.4333343505859,141.6149698752886,0.042760253,137.7794756596068,124.9863660123941,0,0,0,1,0
148.8833312988281,142.5558551673259,0.021989936,138.5230676834139,125.7624889564566,0,0,0,1,0
153.7666625976562,144.0070878741778,0.07333692,139.5438856705003,126.6719965592656,0,0,0,1,0
149.6266632080078,144.7345387356571,-0.033147398,140.2190991423022,127.4175014566287,0,0,0,1,0
146.5566711425781,144.9704127493329,-0.026440121,140.6435074,128.0390838063126,0,0,0,1,0
143.6100006103516,144.7943081642567,-0.027209775,140.8421645759071,128.5447756667333,0,0,0,1,0
140.6466674804688,144.2573984140903,-0.029445552,140.8290727198983,128.9378017440449,0,0,0,1,0
140.8800048828125,143.8201967,0.003709432,140.8324834945717,129.3256385271817,0,0,0,1,0
141.9299926757812,143.5755108746496,0.016664314,140.9059804029774,129.7349761804496,0,0,0,1,0
140.2100067138672,143.1398482568118,-0.018021639,140.8593731259959,130.0751595387692,0,0,0,1,0
140.0933380126953,142.7454792217983,-0.001263891,140.8080740449994,130.4005039176792,0,0,0,1,0
141.5599975585938,142.5920192882737,0.023408004,140.8584281,130.7629103636179,0,0,0,1,0
135.3399963378906,141.653249,-0.071070773,140.4888752400348,130.9115509730613,0,0,0,1,0
136.9433288574219,141.0435524926976,0.026488051,140.2514406013595,131.1074313036669,0,0,0,1,0
129.3466644287109,139.5293969216262,-0.093886151,139.5211803514538,131.0502512547652,0,0,0,1,0
133.5033264160156,138.7493254891371,0.071852525,139.1181826700239,131.1299131776568,0,0,0,1,0
141.3000030517578,139.0795092628316,0.1305779943343042,139.2642926560241,131.4601778167352,0,0,0,1,0
140.3266602,139.2409522434693,-0.011966474,139.3354362303256,131.7481072624482,0,0,0,1,0
146.0299987792969,140.1197904932886,0.090874394,139.7837510626262,132.2118936338653,0,0,0,1,0
143.3166656494141,140.5336241814616,-0.034227782,140.0203397863311,132.5725050775692,0,0,0,1,0
140.4199981689453,140.5189153581465,-0.039632624,140.0471037,132.8273397298362,0,0,0,1,0
136.7866668701172,140.0357778937322,-0.054332176,139.8287620091128,132.9559118145756,0,0,0,1,0
139.0433349609375,139.9073067151212,0.036887267,139.7761643,133.1535890329436,0,0,0,1,0
137.2533264160156,139.5637504603788,-0.028391056,139.6072174008815,133.2867193815908,0,0,0,1,0
136.1666717529297,139.1240005352608,-0.018148443,139.3768143495172,133.3802393402939,0,0,0,1,0
136.0299987792969,138.7234837507905,-0.002347453,139.1526881212317,133.4662839134087,0,0,0,1,0
147.2033386230469,139.8211961873347,0.1836542031716554,139.6918161052688,133.9123598167148,0,0,0,1,0
162.2133331298828,142.7198457011436,0.2279898071999821,141.2000147362424,134.8313580332283,0,0,0,1,0
166.4233398,145.7882496658176,0.058029496,142.8891453724089,135.8572187226564,0,0,0,1,0
163.2033386230469,148.0426231214788,-0.048478078,144.2495261314287,136.7452034772269,0,0,0,1,0
173.9499969482422,151.3963181,0.1472302198507114,146.2384778224576,137.9533150051612,0,0,0,1,0
185.1266632080078,155.7626922477945,0.143661506,148.8427032750911,139.4851190816582,0,0,0,1,0
191.3333282470703,160.3672910410993,0.074962126,151.6881733302464,141.1687183183287,0,0,0,1,0
195.2533264160156,164.8832686692137,0.045808682,154.6056013181257,142.9249311188009,0,0,0,1,0
189.1999969482422,168.0310554474152,-0.082330697,156.9222845123165,144.4275506751813,0,0,0,1,0
194.9199981689453,171.5118139,0.067597021,159.4668777338213,146.0671094956598,0,0,0,1,0
189.6066741943359,173.8541834039207,-0.077350748,161.4852497454869,147.4808942555934,0,0,0,1,0
197.7933349609375,176.9530930881452,0.096539653,163.9166936032776,149.1145978968972,0,0,0,1,0
199.6799926757812,179.8950774377903,0.021327209,166.3116547621845,150.7565104,0,0,0,1,0
213.9199981689453,184.2995842603323,0.1594513361482095,169.4998431070247,152.8074906622955,1,0,0,0,0
216.6266632080078,188.4843064203906,0.028290178,172.6557852758839,154.8797559217796,1,0,0,0,0
201.4933319091797,190.1683174419807,-0.163906667,174.5869495100799,156.3933361301688,1,0,0,0,0
209.0233306884766,192.6090882857837,0.083557759,176.8930509451836,158.1022698658868,1,0,0,0,0
203.3300018310547,193.9969045,-0.068465268,178.6634544626867,159.5708431,1,0,0,0,0
213.2766723632812,196.4926596,0.1093777099747321,180.9813981234016,161.3147014425174,1,0,0,0,0
211.0833282470703,198.3814134,-0.026652649,182.9972343365065,162.9307127948384,1,0,0,0,0
207.5899963378906,199.5734593023855,-0.04541053,184.6441380404487,164.3808180239699,1,0,0,0,0
218.6333312988281,202.040749,0.118945052,186.9202926367305,166.1424154972946,1,0,0,0,0
231.6666717529297,205.8758080086936,0.1332882683936505,189.9168237902358,168.2700057770051,1,0,0,0,0
216.6199951171875,207.2666369777291,-0.158332639,191.7050552930062,169.8399397604356,1,0,0,0,0
213.4466705322266,208.0666388401699,-0.037265615,193.1610262266522,171.2558563677484,1,0,0,0,0
215.3266602,209.0064445099946,0.019693306,194.6453924234317,172.6868387465254,1,0,0,0,0
220.5899963378906,210.5059287691459,0.054653234,196.3828249353376,174.2422550615533,1,0,0,0,0
221.2299957275391,211.8941531960845,0.006487036,198.0467656338454,175.7679450353803,1,0,0,0,0
221.9966735839844,213.2019187695876,0.007748568,199.6506193,177.2689873106594,1,0,0,0,0
231.5933380126953,215.5826776307927,0.096655462,201.7897276386024,179.0328906781998,1,0,0,0,0
235.2233276367188,218.1251487105578,0.035045469,204.0286758145768,180.8573826152308,1,0,0,0,0
243.2566680908203,221.3784097378453,0.076360426,206.6556571,182.8834714003182,1,0,0,0,0
245.0366668701172,224.4409577970134,0.016360912,209.2259185150098,184.9015666347729,1,0,0,0,0
251.9933319091797,228.0075971056878,0.063477903,212.0899242517474,187.0800125116087,1,0,0,0,0
272.0133361816406,233.7041152408076,0.1776346460650012,216.1028158882426,189.8377635471486,1,0,0,0,0
293.3399963378906,241.4239464561643,0.1753013293742606,221.2751588082655,193.198435,1,0,0,0,0
270.3966674804688,245.1744488725391,-0.167215259,224.5646792971276,195.7050239212578,1,0,0,0,0
283.1466674804688,250.0899311817321,0.1054293206369384,228.4877397976905,198.5442077364501,1,0,0,0,0
284.8033447265625,254.5835630111791,0.013082147,232.2590273914543,201.3449926935489,1,0,0,0,0
281.6666564941406,258.0894542067468,-0.024093479,235.5677085092609,203.9529881339954,1,0,0,0,0
275.3866577148438,260.3285674574223,-0.051846363,238.2342644188651,206.2723931117015,1,0,0,0,0
281.5166625976562,263.0713544381537,0.049770326,241.1327571451865,208.7155230373363,1,0,0,0,0
283.4833374023438,265.7136741348772,0.015619999,243.9688488127614,211.1431801354076,1,0,0,0,0
281.6633301,267.7783481123512,-0.01514416,246.4931354595655,213.4329162043994,1,0,0,0,0
282.2133178710938,269.6469468,0.004365915,248.8852092182127,215.6661616721723,1,0,0,0,0
293.6000061035156,272.7476568485021,0.090213698,251.8796254005807,218.1966097095012,1,0,0,0,0
294.3633422851562,275.5457951522451,0.005813161,254.7246328295535,220.6696787026287,1,0,0,0,0
288.0533447265625,277.1648903991863,-0.053982393,256.9565569618247,222.8575669692756,1,0,0,0,0
278.4766540527344,277.3346974652267,-0.089298868,258.3976935,224.6634681023137,1,0,0,0,0
264.5100098,275.6745488666102,-0.1353112,258.8070170223092,225.9572479183316,1,0,0,0,0
279.9366760253906,276.2262788264746,0.1304014830496969,260.2220070759003,227.7099078224896,1,0,0,0,0
290.9299926757812,278.1296663017223,0.087805454,262.278429,229.7626012592111,1,0,0,0,0
284.8966674804688,279.0056507924855,-0.059197142,263.7931047753754,231.5527482849343,1,0,0,0,0
283.3299865722656,279.5654336232965,-0.015567318,265.1014313,233.2339012443267,1,0,0,0,0
284.0766602,280.1494093568309,0.005892381,266.3721456155756,234.8847114170606,1,0,0,0,0
287.8066711425781,281.1406376,0.029358044,267.8075516681674,236.6030297993646,1,0,0,0,0
283.1533203,281.4011782,-0.048337063,268.8352118869939,238.1144659815957,1,0,0,0,0
268.2733459472656,279.7017877336432,-0.150135045,268.7975854058479,239.0936906329995,1,0,0,0,0
270.5533447265625,278.5175269396591,0.019002452,268.9151633551522,240.1151492870804,1,0,0,0,0
272.0400085449219,277.6790158322214,0.012286054,269.1244249,241.1517119688203,1,0,0,0,0
265.4066772460938,276.0903685,-0.074464286,268.8754584515225,241.9392417263075,1,0,0,0,0
266.0499877929688,274.7906468864216,0.005419527,268.6862451339995,242.7220884008086,1,0,0,0,0
262.4599914550781,273.1944504866446,-0.042653078,268.2692915511497,243.3629538053523,1,0,0,0,0
260.4333190917969,271.5425292158774,-0.024682051,267.7445399171006,243.9172072,1,0,0,0,0
238.1666717529297,267.2220433,-0.184288057,265.7637985692643,243.7304946,1,0,0,0,0
232.9466705322266,262.7851155743559,-0.050194213,263.5661336781016,243.3803577040617,1,0,0,0,0
247.3399963378906,260.7857535893713,0.13815201,262.4795178014368,243.508922,1,0,0,0,0
227.4066619873047,256.4648489837967,-0.160821605,260.1307935691465,242.9861028130605,1,0,0,0,0
225.1666717529297,252.4133175714029,-0.019991509,257.7893509274257,242.4075295827974,1,0,0,0,0
239.4766693115234,250.7386757413253,0.1420980143724284,256.5630054225985,242.3123685,1,0,0,0,0
228.8133392333984,247.9004532808312,-0.095999602,254.7046932919546,241.8740733479411,1,0,0,0,0
217.7333374023438,243.9953371233805,-0.110197115,252.2288321890739,241.0902567753771,1,0,0,0,0
207.1466674804688,239.2252975948184,-0.117015376,249.2098145,239.9881554530072,1,0,0,0,0
199.3166656494141,234.0591476698635,-0.097493433,245.8686196,238.6676090405484,1,0,0,0,0
187.6666717529297,228.0536677951183,-0.153785552,241.9710092312552,237.0116805395515,1,0,0,0,0
224.5266723632812,227.5971002232098,0.4391579450758173,240.8028141765379,236.6063100823893,1,0,0,0,0
222.6866607666016,226.9614466015834,-0.02047189,239.5896295777708,236.1543590289833,1,0,0,0,0
233.1999969482422,227.7690234298071,0.1055598846620267,239.1617349953781,236.0584351616401,1,0,0,0,0
231.2433319091797,228.2187707053974,-0.020637757,238.6314632288732,235.9020958,1,0,0,0,0
235.9799957275391,229.2234569126457,0.04579899,238.4539023822663,235.9046250669768,1,0,0,0,0
225.6266632080078,228.7578539936403,-0.114170266,237.5949005,235.5709148213994,1,0,0,0,0
233.9366607666016,229.4282476131983,0.082349892,237.3499191735001,235.5178530213302,1,0,0,0,0
217.7200012207031,227.9126217128996,-0.168340103,236.0353622917923,234.9399833962144,1,0,0,0,0
218.2899932861328,226.6669778834439,0.0058536,234.8470080153816,234.3993832759815,1,0,0,0,0
223.3333282470703,226.2354388158473,0.051657876,234.0759713248788,234.0400852221434,1,0,0,0,0
220.7200012207031,225.5214685259805,-0.028231133,233.1815619618611,233.6076023743954,1,0,0,0,0
210.0899963378906,223.5238731437207,-0.122414463,231.6351888912646,232.8440217073561,1,0,0,0,0
213.4633331298828,222.2215419059926,0.035901028,230.4182740726799,232.2147605732578,1,0,0,0,0
206.2366638183594,220.1523084417684,-0.092097266,228.7989039740999,231.3712919502294,1,0,0,0,0
203.7633361816406,218.0307652145394,-0.032354336,227.1223468938371,230.4749045336847,1,0,0,0,0
211.8733367919922,217.2336895736962,0.08899127,226.1011663052777,229.8709407,1,0,0,0,0
222.6433258056641,217.9339639366974,0.1136557761287507,225.8696050712728,229.6362713561772,1,0,0,0,0
220.5833282470703,218.2769226542985,-0.024856224,225.5155989264434,229.3423365546616,1,0,0,0,0
230.3500061035156,219.8397765060785,0.098998072,225.8393447127885,229.3750539908674,1,0,0,0,0
230.5399932861328,221.2249135408659,0.001844118,226.1541330855854,229.4128777195156,1,0,0,0,0
223.6566619873047,221.5397020074629,-0.085962298,225.9868849174086,229.2259825728207,1,0,0,0,0
227.9333343505859,222.3673541127719,0.042753995,226.1172328130746,229.1840124,1,0,0,0,0
225.6733398,222.7953121,-0.028815132,226.0875066288408,229.0700265,1,0,0,0,0
233.9933319091797,224.2448894594553,0.082431882,226.6169360973019,229.2298782489545,1,0,0,0,0
254.1066741943359,228.1104807,0.1921911214631774,228.4578416211104,230.0375876,1,0,0,0,0
244.0766602,230.1772936128608,-0.120373606,229.5037871741452,230.4934134900945,1,0,0,0,0
246.2833404541016,232.2622123039857,0.020214627,230.6274636606598,231.0060867198701,1,0,0,0,0
246.5933380126953,234.1173684543106,0.002814335,231.6966505035211,231.5121793240538,1,0,0,0,0
238.2100067138672,234.6471581716429,-0.110697873,232.1328304839855,231.7296468138138,1,0,0,0,0
239.6633301,235.2964987993468,0.01364127,232.6371255140409,231.9872404840853,1,0,0,0,0
248.0399932861328,236.9461369823002,0.078148748,233.6686095,232.5084469412894,1,0,0,0,0
239.8966674804688,237.3280814932657,-0.11438336,234.0856839026226,232.7483302678603,1,0,0,0,0
243.1333312988281,238.0795678105211,0.03016657,234.6915777823788,233.0855140676175,1,0,0,0,0
246.0666656494141,239.1134931266645,0.026975508,235.4533333878431,233.5069905277927,1,0,0,0,0
234.9133301,238.5697843859666,-0.161104679,235.4171709816309,233.552652,1,0,0,0,0
231.4666595458984,237.6502888765825,-0.052264462,235.1526170488793,233.4849233347057,1,0,0,0,0
225.6666717529297,236.0990163902507,-0.095120485,234.5173716699621,233.2310777622169,1,0,0,0,0
236.4799957275391,236.1483339508585,0.1071382008963451,234.6488027318363,233.3365646914538,1,0,0,0,0
228.3000030517578,235.1323719369043,-0.139708304,234.2236426099282,233.1730359809225,1,0,0,0,0
224.5333404541016,233.7603332818489,-0.067791145,233.5747120634464,232.8925195837444,1,0,0,0,0
223.6466674804688,232.4511249,-0.014898658,232.9098606178336,232.5923223305154,1,0,0,0,0
221.1799926757812,230.9920832181211,-0.042452825,232.1243464520843,232.2217832335048,1,0,0,0,0
224.1233367919922,230.1029278623969,0.029754164,231.5885427704617,231.9588403597653,1,0,0,0,0
209.6799926757812,227.4591904066498,-0.189942648,230.1213927108521,231.2354838796857,1,0,0,0,0
205.7333374023438,224.6467909733311,-0.05853917,228.4881976046034,230.4074724141542,1,0,0,0,0
196.6300048828125,221.0200337956605,-0.140479109,226.3547497429776,229.3107753935215,1,0,0,0,0
190.5633392333984,217.0774318407137,-0.104955965,223.9579060524692,228.0527120313802,1,0,0,0,0
196.5800018310547,214.4240510720862,0.070594174,222.1244897087665,227.0308467,1,0,0,0,0
192.2766723632812,211.5570854,-0.078758913,220.1256706719809,225.9024379611948,1,0,0,0,0
192.6233367919922,209.1061222851608,0.004031208,218.2839216462797,224.8219223821086,1,0,0,0,0
187.8200073242188,206.3506466938529,-0.095811412,216.2438444380499,223.6205334789836,1,0,0,0,0
195.5933380126953,204.9581191446273,0.092537518,214.8609417994924,222.7105384351066,1,0,0,0,0
193.6266632080078,203.4912685565971,-0.038130539,213.4389456853452,221.7662348712921,1,0,0,0,0
202.1466674804688,203.3172107047009,0.098384619,212.6827355952298,221.1292211969742,1,0,0,0,0
201.5633392333984,203.0901730306898,-0.010381359,211.9381028849607,220.4939506356642,1,0,0,0,0
206.3766632080078,203.5156073328764,0.053393219,211.5656699070464,220.0355866024108,1,0,0,0,0
210.2833404541016,204.3916865731812,0.042325247,211.4797961397183,219.718948,1,0,0,0,0
208.4066619873047,204.9114228789194,-0.03291592,211.2739975,219.3516575470623,1,0,0,0,0
207.9666595458984,205.3069215444568,-0.007690225,211.0525150075552,218.9820063126657,1,0,0,0,0
201.7066650390625,204.8408703678441,-0.113975763,210.4266514,218.4211058284974,1,0,0,0,0
190.9466705322266,203.0422740256723,-0.171453938,209.1221353504106,217.5290584279289,1,0,0,0,0
199.6833343505859,202.6074611768101,0.1023024636611881,208.4900470839725,216.9496386575017,1,0,0,0,0
201.7100067138672,202.4912862021147,0.022693124,208.0360080631267,216.4548342,1,0,0,0,0
201.1966705322266,202.3236989328997,-0.00806834,207.5779981,215.9594280942095,1,0,0,0,0
199.5933380126953,201.9702552,-0.026190147,207.0432892899188,215.4280495518057,1,0,0,0,0
203.3733367919922,202.1518833650698,0.042344614,206.7975235499305,215.0366539657132,1,0,0,0,0
203.2966613769531,202.3000742338591,-0.00123921,206.5630812831641,214.6554768128388,1,0,0,0,0
205.8966674804688,202.7656512036857,0.028595433,206.5184535,214.3710935098664,1,0,0,0,0
199.7866668701172,202.3800233597556,-0.101573756,206.0676459292098,213.8975625651253,1,0,0,0,0
201.6233367919922,202.2820707097972,0.020554985,205.7700238416046,213.4990398360185,1,0,0,0,0
205.5333404541016,202.7029457467698,0.043359965,205.7541738631906,213.2404074628109,1,0,0,0,0
207.7700042724609,203.3588736,0.024331618,205.8891679952686,213.0627930134453,1,0,0,0,0
206.9433288574219,203.8228793302132,-0.013945789,205.959762,212.8641046934978,1,0,0,0,0
207.9033355712891,204.3510920921153,0.010372308,206.0899173028019,212.7030371841855,1,0,0,0,0
218.8566741943359,206.2288315243096,0.1177979181060435,206.9448688,212.9028350240567,1,0,0,0,0
226.6066741943359,208.8667317791847,0.079176166,208.2615611065365,213.3477747198607,1,0,0,0,0
223.9566650390625,210.8201151,-0.043647592,209.3126152644168,213.6922268278704,1,0,0,0,0
229.5733337402344,213.2477087,0.056074754,210.6694149700575,214.2078585697716,1,0,0,0,0
226.9199981689453,215.0175788909395,-0.045962443,211.7576679126694,214.6205994786488,1,0,0,0,0
226.5666656494141,216.5126016662682,-0.006287311,212.7493821894376,215.0084673,1,0,0,0,0
225.9733276367188,217.7372873139527,-0.010932613,213.6349502561226,215.3644771063894,1,0,0,0,0
226.3000030517578,218.845726,0.003232301,214.4830909538748,215.7195344534956,1,0,0,0,0
219.8600006103516,218.9770233,-0.118108596,214.8431665083459,215.8539681241439,1,0,0,0,0
214.8833312988281,218.4470971888501,-0.098698597,214.8458562242101,215.8224533,1,0,0,0,0
217.6033325195312,218.3378723276962,0.028302117,215.0305161626159,215.8802752725696,1,0,0,0,0
218.9833374023438,218.4214274180214,0.014179719,215.2952247760303,215.9810262478825,1,0,0,0,0
228.5666656494141,219.7347227923018,0.097849329,216.1839735,216.3896598376408,1,0,0,0,0
222.8466644287109,220.1375618841903,-0.113519668,216.6301539511824,216.5993074229541,1,0,0,0,0
217.7933349609375,219.8341030294691,-0.108865837,216.7080487037069,216.6380753967968,1,0,0,0,0
216.8666687011719,219.4499703272153,-0.020440831,216.7186710104196,216.6454974191454,1,0,0,0,0
214.7400054931641,218.8402680325523,-0.049735796,216.5861656999797,216.5836294504773,1,0,0,0,0
215.4066619873047,218.3957897,0.006941314,216.5071778648706,216.5454153894191,1,0,0,0,0
220.1666717529297,218.6250293529958,0.049408455,216.7522432230433,216.6629912049516,1,0,0,0,0
218.4299926757812,218.5997819649938,-0.041884769,216.8645970848439,216.7203626292788,1,0,0,0,0
216.4199981689453,218.3176101804591,-0.051727293,216.8348236254802,216.7106103246508,1,0,0,0,0
214.4600067138672,217.8182455846818,-0.053955226,216.6757892412617,216.6375372,1,0,0,0,0
219.2066650390625,217.9979757009601,0.049487352,216.8452744222323,216.7209522436971,1,0,0,0,0
214.9266662597656,217.6003964238542,-0.121346508,216.7167909731789,216.6626949429747,1,0,0,0,0
215.6600036621094,217.3492136738621,0.007628973,216.6460210883747,216.6301393263352,1,0,0,0,0
225.7833404541016,218.4410066346531,0.1049558464292828,217.2579200316702,216.9273276,1,0,0,0,0
229.0666656494141,219.8164922087214,0.032514312,218.0487163993934,217.3214705,1,0,0,0,0
236.5566711425781,221.9834989420312,0.073109329,219.2881387613166,217.9460034865831,1,0,0,0,0
236.5800018310547,223.8730080188618,0.000220518,220.4461231018522,218.5510165007937,1,0,0,0,0
236.9733276367188,225.5688370140342,0.003717294,221.5529005478116,219.1491563978822,1,0,0,0,0
238.2100067138672,227.2052293109556,0.011668368,222.6683771174062,219.7680285267239,1,0,0,0,0
233.0333404541016,227.9596750154835,-0.138764595,223.3624877048954,220.1987297599698,1,0,0,0,0
237.9199981689453,229.2490332370877,0.046886349,224.3373606313444,220.7741080183376,1,0,0,0,0
236.6633301,230.2088097867153,-0.033959355,225.1627939316041,221.2900029648021,1,0,0,0,0
235.9400024414062,230.9507094475064,-0.019522242,225.8845113450896,221.7656625401109,1,0,0,0,0
240.75,232.2192220896243,0.045582258,226.8800086496525,222.3820503984916,1,0,0,0,0
239.0566711425781,233.1043260180206,-0.047225523,227.6954433098697,222.9234458351895,1,0,0,0,0
228.7233276367188,232.5372082453605,-0.190225675,227.7642776,223.1117577350099,1,0,0,0,0
221.9033355712891,231.1606594177212,-0.131655228,227.3717878906125,223.0725224058868,1,0,0,0,0
229.6633301,230.9668309781503,0.078189807,227.5252456156774,223.2865142654258,1,0,0,0,0
224.4900054931641,230.1284095674895,-0.105675035,227.3219846647053,223.3255894951045,1,0,0,0,0
226.7533264160156,229.6915069547025,0.02254248,227.2839033229526,223.4368820440391,1,0,0,0,0
235.4333343505859,230.4347832767505,0.085589209,227.8296463395503,223.8263856073205,1,0,0,0,0
236.1633301,231.1763404333202,0.00693274,228.3877282,224.2269443,1,0,0,0,0
237.0666656494141,231.9388397145462,0.008552424,228.9689306860247,224.6438274,1,0,0,0,0
233.7200012207031,232.1694100681968,-0.070512288,229.2870956667297,224.9385146401006,1,0,0,0,0
237.3066711425781,232.8344256204762,0.034312162,229.8241426,225.3400867685747,1,0,0,0,0
243.6366729736328,234.2327704554783,0.05964121,230.7491264808748,225.9341445,1,0,0,0,0
245.2400054931641,235.6576508307739,0.014714093,231.7195372983299,226.5609715948746,1,0,0,0,0
244.6966705322266,236.8277468394822,-0.010767712,232.5885770894322,227.1498055960234,1,0,0,0,0
244.1300048828125,237.7730200298576,-0.011244858,233.3614719821488,227.7011225681153,1,0,0,0,0
244.5233306884766,238.6468439,0.003602333,234.1089482686004,228.2473098438384,1,0,0,0,0
250.9733276367188,240.2425003129881,0.058978234,235.2383053044717,228.9851833492737,1,0,0,0,0
251.2899932861328,241.6725920553517,0.002821148,236.3132388293882,229.7093809783784,1,0,0,0,0
251.6199951171875,242.9602777783727,0.002936255,237.3382865072572,230.4207797650543,1,0,0,0,0
245.4233398,243.2791197753025,-0.122333963,237.8797183424675,230.9078862840138,1,0,0,0,0
247.6666717529297,243.8470859073153,0.020437616,238.5351213343348,231.4520143,1,0,0,0,0
248.1633301,244.4058213,0.004483764,239.1798936707656,231.9946011039232,1,0,0,0,0
251.9433288574219,245.3815473934462,0.034057017,240.0346227429298,232.6423009058567,1,0,0,0,0
252.3300018310547,246.2810209063572,0.003431575,240.8580074983824,233.2815256,1,0,0,0,0
253.1633301,247.1719319518645,0.007384137,241.6820581397224,233.9270525420409,1,0,0,0,0
243.3899993896484,246.6823629120335,-0.168163681,241.7964338558608,234.2342976352315,1,0,0,0,0
246.4600067138672,246.6535790274333,0.028202606,242.1087393789116,234.6312447142069,1,0,0,0,0
250.6466674804688,247.1704820783875,0.037981654,242.6804988823467,235.1512370696033,1,0,0,0,0
251.2133331298828,247.6938268696812,0.005054958,243.2519172656165,235.6727448220091,1,0,0,0,0
258.1300048828125,249.0447842348224,0.061561194,244.2482582849934,236.4018921967782,1,0,0,0,0
263.7866821289062,250.9531146131576,0.048997675,245.5566880799061,237.2910277173718,1,0,0,0,0
259.1866760253906,252.0189445,-0.081388248,246.4694475980046,238.0019405502651,1,0,0,0,0
260.4366760253906,253.1086151043193,0.010783256,247.4047911023087,238.7303565840527,1,0,0,0,0
258.4933471679688,253.8056656,-0.035725664,248.1473585302024,239.3720258021114,1,0,0,0,0
258.4066772460938,254.4012639978563,-0.001555302,248.8343944134761,239.9900471393902,1,0,0,0,0
260.5100098,255.1920376964611,0.018199387,249.6162754455764,240.6562938916114,1,0,0,0,0
260.1966552734375,255.8398826,-0.005599167,250.3248118310526,241.2907347288735,1,0,0,0,0
260.9166564941406,256.4970681406475,0.006187056,251.0341159822464,241.9279535580283,1,0,0,0,0
264.5366821289062,257.5377916427442,0.031021472,251.9383424436646,242.6620188254251,1,0,0,0,0
261.8299865722656,258.0934139,-0.050894385,252.6007562597395,243.2843686974025,1,0,0,0,0
263.9800109863281,258.8554305408818,0.018360164,253.3627909073198,243.9563194469846,1,0,0,0,0
268.5733337402344,260.1134076359808,0.038905274,254.3813954579414,244.7555901791613,1,0,0,0,0
270.3599853515625,261.4398213494053,0.01487406,255.4514338225774,245.5869194127841,1,0,0,0,0
272.7733459472656,262.9069397244679,0.019958705,256.6114305,246.4696143927029,1,0,0,0,0
281.0100098,265.2503719439065,0.067515264,258.2453303253849,247.5910796758222,1,0,0,0,0
290.0366821289062,268.4589458353223,0.071822158,260.3743020506676,248.9692129876492,1,0,0,0,0
288.0899963378906,271.0001742647851,-0.035236663,262.2303391845633,250.2393953,1,0,0,0,0
288.6000061035156,273.2784625823917,0.003958247,263.9962368922963,251.4848962100496,1,0,0,0,0
298,276.4786516755548,0.072825553,266.2733671841103,252.9951589919046,1,0,0,0,0
303.2266540527344,279.9411655162347,0.039215707,268.7480182585842,254.6260863926702,1,0,0,0,0
341.6199951171875,287.9254552646324,0.2831007965096578,273.6280365496039,257.4506240458108,0,1,0,0,0
339.4766540527344,294.5987289091617,-0.034768247,278.0377214752256,260.1138634986574,0,1,0,0,0
345.9533386230469,301.2465542087716,0.042657499,282.5858271835467,262.9009187339639,0,1,0,0,0
359.0133361816406,308.7244316,0.084406934,287.7039488254428,266.0215181479639,0,1,0,0,0
371.3333435058594,316.8291199748124,0.076727835,293.3043592067779,269.4408059849261,0,1,0,0,0
402.8633422851562,327.9662015901425,0.1898508579082775,300.6411965538064,273.7727986,0,1,0,0,0
390.6666564941406,336.0827401585418,-0.151423911,306.6699322915336,277.5681344878194,0,1,0,0,0
404.6199951171875,344.9548492061684,0.079859088,313.2293549777494,281.6932826,0,1,0,0,0
409.9700012207031,353.3710240116667,0.029563748,319.7077867,285.8581997085752,0,1,0,0,0
407.3633422851562,360.3602991985063,-0.033299824,325.5778169892712,289.8032558,0,1,0,0,0
387.6466674804688,363.8925042023009,-0.179026225,329.7343822254159,292.9800574411973,0,1,0,0,0
341.1666564941406,360.9506560178614,-0.182028736,330.4999674331232,294.5445906721461,0,1,0,0,0
355.9833374023438,360.3076394,0.097103952,332.2065124855226,296.5393975830989,0,1,0,0,0
354.5033264160156,359.5562743721858,-0.006564956,333.6996634127082,298.4213833304429,0,1,0,0,0
344.4733276367188,357.6037954,-0.047882418,334.4211434759771,299.9166081101415,0,1,0,0,0
337.7966613769531,355.0397731,-0.035022598,334.6471918118194,301.1465061109622,0,1,0,0,0
351.5766602,354.5914750538146,0.091210825,335.7809076617183,302.7838835754558,0,1,0,0,0
363.0033264160156,355.6803844742883,0.072669482,337.6039116088259,304.7391018450174,0,1,0,0,0
365.4599914550781,356.9463490891368,0.015131706,339.4693499436412,306.7106011978302,0,1,0,0,0
379.0199890136719,359.8037693,0.082960685,342.1179379249687,309.0583584862054,0,1,0,0,0
385.6233215332031,363.1460958,0.038954139,345.0313633172557,311.5442867354064,0,1,0,0,0
369.6766662597656,363.9914744937424,-0.079065846,346.6817855279847,313.4317417613936,0,1,0,0,0
372,365.0281736093561,0.014052129,348.3772706108052,315.333349,0,1,0,0,0
360.6400146484375,364.4601289036981,-0.062563461,349.1984698945553,316.8043758859567,0,1,0,0,0
378.9966735839844,366.3418764241819,0.1138078672883999,351.1939664532132,318.8236492,0,1,0,0,0
381.5866699,368.3153063551252,0.015279752,353.2292748836184,320.8614529388121,0,1,0,0,0
365,367.8861418149534,-0.093888949,354.0175251,322.2945530943271,0,1,0,0,0
361.5333251953125,367.0637732820579,-0.021181605,354.5208357785455,323.5685662665097,0,1,0,0,0
338.3233337402344,363.3433396,-0.137262924,353.4361375224634,324.0476273352829,0,1,0,0,0
336.3366699,359.8473414,-0.012707853,352.2910373309387,324.4466307002619,0,1,0,0,0
350.5833435058594,358.6481220902759,0.094709122,352.1766782,325.2952433,0,1,0,0,0
356.3200073242188,358.3467489452278,0.036586484,352.4541445416939,326.3025622277354,0,1,0,0,0
334.6000061035156,355.2727464608164,-0.130191001,351.2585063018014,326.5719654784074,0,1,0,0,0
339.0100098,353.1675443563605,0.029469011,350.4382611306019,326.9758066626363,0,1,0,0,0
322.1366577148438,349.1506135601943,-0.111407919,348.5429874,326.8186880999895,0,1,0,0,0
319.5033264160156,345.3127889395823,-0.018378034,346.5982881912406,326.5811713,0,1,0,0,0
325.3299865722656,342.7260264293683,0.040775272,345.1740136567249,326.5405475685384,0,1,0,0,0
308.9733276367188,338.3567585834243,-0.117480469,342.7497620096498,325.9701711716886,0,1,0,0,0
310.8566589355469,334.7968861747061,0.013628821,340.6139763061688,325.4794623013126,0,1,0,0,0
299.9800109863281,330.2898612937814,-0.087623951,337.8928412,324.6515404557475,0,1,0,0,0
312.8433227539062,328.0314167073622,0.095876691,336.2153498924747,324.2681486,0,1,0,0,0
336.2900085449219,329.1004867687015,0.1675741910784194,336.2203496,324.6584770385979,0,1,0,0,0
355.6666564941406,332.5394624750391,0.1288300699313343,337.5226105601827,325.6652574907752,0,1,0,0,0
364.6466674804688,336.6957220771278,0.056452902,339.3390275095196,326.9309145608533,0,1,0,0,0
362.8233337402344,340.0779266893346,-0.01225122,340.9117012436241,328.0962775913002,0,1,0,0,0
362.0633239746094,342.9239239836243,-0.005065551,342.3281621420602,329.1991271900964,0,1,0,0,0
356.7799987792969,344.7175850608509,-0.037201067,343.2959584084547,330.0946290483052,0,1,0,0,0
352.2600098,345.6939476902652,-0.033958897,343.8962541115548,330.8142995,0,1,0,0,0
399.9266662597656,352.7143425600069,0.302554701,347.6484431960802,333.0582552018932,0,1,0,0,0
383.1966552734375,356.6602607701919,-0.115272855,350.0290006,334.6861598978972,0,1,0,0,0
362.7066650390625,357.4429643968811,-0.143288882,350.8779858758879,335.5959358744386,0,1,0,0,0
354.8999938964844,357.1137782980501,-0.061265785,351.1473277210422,336.2227043,0,1,0,0,0
342.3200073242188,355.1987329787615,-0.107404275,350.5561884813208,336.4206728987689,0,1,0,0,0
352.7066650390625,354.8761361877396,0.067841602,350.7001995,336.9494501036684,0,1,0,0,0
354.7999877929688,354.8662788209307,0.013270127,350.9747500229424,337.5290253202728,0,1,0,0,0
368.7399902,356.6622229483932,0.087847986,352.1644350145321,338.5423898507906,0,1,0,0,0
343.8533325195312,355.0041192975754,-0.178319,351.6078653434109,338.7148267151215,0,1,0,0,0
349.8699951171875,354.3395098144564,0.039123255,351.4914853732635,339.0770151964824,0,1,0,0,0
343.5033264160156,352.9367719775083,-0.049832804,350.9565422647682,339.2207296506626,0,1,0,0,0
331.8833312988281,350.2114159409747,-0.099260397,349.6792663845918,338.9824973740207,0,1,0,0,0
332.0899963378906,347.8656083810809,0.001392304,348.5013656,338.7587101,0,1,0,0,0
314.6333312988281,343.5637088323962,-0.155473764,346.2333246,337.9754019734659,0,1,0,0,0
310,339.2189056303496,-0.043800352,343.8068872911443,337.0670904197605,0,1,0,0,0
306.1333312988281,334.9359966701099,-0.03737655,341.2840019481683,336.0627262705284,0,1,0,0,0
312.4700012207031,332.0277862141924,0.046281031,339.3544145175937,335.2967124432165,0,1,0,0,0
276.3666687011719,324.8224859058236,-0.193433997,335.1363136,333.3833587189106,0,1,0,0,0
282.1166687011719,319.2942419247028,0.046519468,331.5857466010743,331.7188204625527,0,1,0,0,0
312.2399902,318.3810730170225,0.2387408130512692,330.2902191707387,331.0863774847432,0,1,0,0,0
310.4166564941406,317.3500837844604,-0.009850386,328.9593461307812,330.4152684018023,0,1,0,0,0
301.8866577148438,315.3483519902365,-0.049441925,327.1463691765097,329.4889951463127,0,1,0,0,0
297.0466613769531,312.9792084496183,-0.030220597,325.1306817895572,328.4356502624563,0,1,0,0,0
307.7733459472656,312.3053125,0.080740864,323.9683129,327.7647819861508,0,1,0,0,0
302.4466552734375,311.0291148589384,-0.034397106,322.5270719026575,326.9427474364223,0,1,0,0,0
307.3333435058594,310.5506993,0.036125877,321.5095933645217,326.3060649633981,0,1,0,0,0
310.6666564941406,310.5657099274983,0.024250404,320.7834743,325.7982811829996,0,1,0,0,0
301.5166625976562,309.3943158479436,-0.062723123,319.4932335757311,325.0099002,0,1,0,0,0
286.6666564941406,306.4522331469962,-0.109306618,317.2949359104906,323.7649632745632,0,1,0,0,0
291.9200134277344,304.5710454902808,0.04097437,315.5956533,322.7310143854979,0,1,0,0,0
307.4766540527344,304.9471748819724,0.1191528698275947,315.0519481730865,322.2357324336319,0,1,0,0,0
307.7966613769531,305.3160393,0.002327021,314.5660833,321.7669214747261,0,1,0,0,0
292.1166687011719,303.6073882143074,-0.117796275,313.0627131819802,320.8042304970207,0,1,0,0,0
285.6600036621094,301.2841093937175,-0.053805512,311.2276357016486,319.6631599521448,0,1,0,0,0
273.8433227539062,297.7319150204827,-0.107258416,308.7241201000865,318.1754713244511,0,1,0,0,0
254.6799926757812,292.1588679239421,-0.169046399,305.1049465614771,316.1138860535239,0,1,0,0,0
266.9233398,288.8921430290363,0.1074874831161513,302.5480385812728,314.5167564990845,0,1,0,0,0
269.9566650390625,286.4409560695156,0.025408848,300.3654917934446,313.0699695756833,0,1,0,0,0
290.1433410644531,286.9202277215711,0.1671950120088744,299.6809449390641,312.3255827210501,0,1,0,0,0
288.1233215332031,287.0759675377888,-0.01627345,298.9069654746295,311.5397783420985,0,1,0,0,0
293.2966613769531,287.8812328511759,0.040146266,298.5312601926394,310.9474567782494,0,1,0,0,0
279.7633361816406,286.8303757000842,-0.114216937,297.2744284665583,309.9349638411874,0,1,0,0,0
279.4299926757812,285.8724002861953,-0.002791694,296.0794399839364,308.9445216784333,0,1,0,0,0
268.1933288574219,283.5838544,-0.100317761,294.2119905441216,307.6214029208429,0,1,0,0,0
274.7999877929688,282.4467878576793,0.055079054,292.9120267915976,306.5557499424579,0,1,0,0,0
286.3233337402344,282.9486045385328,0.09375932,292.4708017282656,305.8988393705052,0,1,0,0,0
279.4333190917969,282.4935528175996,-0.063720456,291.5977205182105,305.0395509944615,0,1,0,0,0
265.1166687011719,280.2441249570595,-0.138748358,289.8243636970645,303.7433260070543,0,1,0,0,0
255.4566650390625,277.0354022333548,-0.10570601,287.5228617301737,302.1755440007245,0,1,0,0,0
267.2966613769531,275.7747277152886,0.1036303316241144,286.1683735999413,301.0430887122854,0,1,0,0,0
280.0766602,276.3316104465092,0.106902986,285.7604297742023,300.3623460648695,0,1,0,0,0
290.5333251953125,278.1700144209709,0.083477385,286.0800563022617,300.0432152377052,0,1,0,0,0
301.7966613769531,281.2284705606241,0.086680948,287.1325503273113,300.1001465154178,0,1,0,0,0
307.0533447265625,284.5714859743533,0.038944842,288.4665863344395,300.3259044953537,0,1,0,0,0
331.3266602,290.6239169351915,0.1767534197593325,291.3367972607977,301.3324438980162,0,1,0,0,0
333.0366821289062,296.1142254985716,0.011539789,294.1293138036744,302.3618241285454,0,1,0,0,0
337.9733276367188,301.5328626912847,0.033143047,297.0654162490923,303.5180663136297,0,1,0,0,0
336.8800048828125,306.1085303370698,-0.008802388,299.7316801430851,304.6012691258549,0,1,0,0,0
363.9466552734375,313.595643,0.1796436360428286,304.0319649261031,306.5281082701304,0,1,0,0,0
366.5233459472656,320.4471043587493,0.015829861,308.2168257678239,308.4760469,0,1,0,0,0
364.6633301,326.1708698712939,-0.013636637,311.9968792996895,310.3003480937475,0,1,0,0,0
359.2000122070312,330.4464737414672,-0.042282444,315.1579319005846,311.8880332207108,0,1,0,0,0
361.5299987792969,334.4702185483851,0.014481035,318.2633305,313.4998195553592,0,1,0,0,0
381.8166809082031,340.5991914307848,0.1254416737039716,322.5193082506449,315.7179465434887,0,1,0,0,0
363.7533264160156,343.5964811619884,-0.134167516,325.2806270940967,317.2775698980373,0,1,0,0,0
348.5866699,344.2424582860018,-0.123609076,326.8413630613881,318.2941206931901,0,1,0,0,0
352.4200134277344,345.3010382,0.024565432,328.5542887569483,319.4021277380006,0,1,0,0,0
341.8299865722656,344.8517125156769,-0.095485994,329.4433225249014,320.1303204267792,0,1,0,0,0
325.3099975585938,342.3220485222548,-0.155222956,329.1665261169016,320.2984953312737,0,1,0,0,0
328.9833374023438,340.5953598814266,0.025225018,329.1542585167035,320.5804767074532,0,1,0,0,0
340.7900085449219,340.6205570412712,0.08022045,329.9334698873188,321.2366442638255,0,1,0,0,0
328.3333435058594,339.0299841704519,-0.125471908,329.8263142103895,321.4670614668183,0,1,0,0,0
334.7633361816406,338.4776689916865,0.043764929,330.1569318025212,321.8987678595251,0,1,0,0,0
342.7166748046875,339.0264059063639,0.053098384,330.9980202184428,322.5746882735847,0,1,0,0,0
325.7333374023438,337.3056256764525,-0.17223145,330.6454601597411,322.6772439931646,0,1,0,0,0
336.2600098,337.1702712857873,0.072234895,331.0214497507153,323.1182522409474,0,1,0,0,0
335.0166625976562,336.8914878542282,-0.011505653,331.2889972032486,323.5045724639825,0,1,0,0,0
332.6733398,336.3454509703382,-0.021206018,331.3817025,323.8022660341999,0,1,0,0,0
292.1400146484375,330.6230821,-0.190677748,328.7538040468708,322.7742490428785,0,1,0,0,0
293.8366699,325.8611017993273,0.012963035,326.4155080304118,321.8346973142029,0,1,0,0,0
292.5033264160156,321.5429565662632,-0.007212058,324.1445106772352,320.8823598669054,0,1,0,0,0
290.2533264160156,317.4925316,-0.012626577,321.8749194539865,319.8878896244375,0,1,0,0,0
300.9800109863281,315.3549950806994,0.082608233,320.4756499417952,319.2739844327029,0,1,0,0,0
303.0833435058594,313.7664366969101,0.015602742,319.3109392095054,318.7483031168615,0,1,0,0,0
317.5400085449219,314.2549234469968,0.1066270877802216,319.1923452807025,318.7090719410633,0,1,0,0,0
291.0933227539062,311.2566672841161,-0.129708328,317.3106378,317.8124376796056,0,1,0,0,0
288.5499877929688,308.3173004145717,-0.014026196,315.3846231088253,316.8623379751166,0,1,0,0,0
262.3699951171875,302.3694476257643,-0.136013278,311.8343920674363,315.0930685173073,0,1,0,0,0
266.6799926757812,297.7494677862206,0.036707175,308.8105370212249,313.5211820475599,0,1,0,0,0
244.6666717529297,290.8779297410444,-0.124105772,304.5150142529411,311.2855985563292,0,1,0,0,0
242.6666717529297,284.6370095516977,-0.012388837,300.3732157773084,309.0576640421164,0,0,1,0,0
256.5299987792969,280.9985728397806,0.1277126351420907,297.4371666935489,307.3521841717722,0,0,1,0,0
241.4566650390625,275.8798951487811,-0.094295972,293.6883199654791,305.2126738611132,0,0,1,0,0
253.8699951171875,273.0307259877827,0.1149257057146646,291.0218058683735,303.5456683955929,0,0,1,0,0
236.6033325195312,268.3152204227271,-0.113958275,287.3775635030675,301.3721698071234,0,0,1,0,0
236.4733276367188,264.1933053379931,-0.000904745,283.9686591089933,299.2650198249436,0,0,1,0,0
221.3000030517578,258.6407915186709,-0.108535547,279.7719266884315,296.7336343917449,0,0,1,0,0
224.9666595458984,254.2816941033036,0.037023645,276.1017819,294.4034883566946,0,0,1,0,0
209.3866729736328,248.4700589072591,-0.121548396,271.6340706357839,291.6431435644003,0,0,1,0,0
219.6000061035156,244.7328468342033,0.1090390286962711,268.1495049958771,289.3040310204669,0,0,1,0,0
235.9100036621094,243.5907347554491,0.1660411101192956,265.9905220372096,287.5704219139632,0,0,1,0,0
253.2100067138672,244.8359440919677,0.163943104,265.1346491593874,286.4548003427802,0,0,1,0,0
252.7533264160156,245.8608447739849,-0.003059201,264.3055090144465,285.3605734228227,0,0,1,0,0
246.7899932861328,245.9811225254967,-0.041941253,263.1325473244313,284.1082552840043,0,0,1,0,0
258.3333435058594,247.5801105734465,0.1045149087978218,262.8111590016964,283.2713897,0,0,1,0,0
234.5166625976562,245.8890546,-0.151172894,260.9163612215453,281.6884104601386,0,0,1,0,0
238.2799987792969,244.9040666028229,0.035812876,259.4004717462993,280.2790165352713,0,0,1,0,0
238.8866729736328,244.1251183870988,0.005625652,258.0267240102779,278.9350808,0,0,1,0,0
241.8666687011719,243.8327633474315,0.027824706,256.9445334496273,277.7315353438724,0,0,1,0,0
239.7066650390625,243.2986422456283,-0.014726727,255.7901649698896,276.4969354328286,0,0,1,0,0
232.2299957275391,241.8658121887873,-0.054672666,254.2124109168429,275.0596666,0,0,1,0,0
215.7366638183594,238.4834086506835,-0.126468138,251.6358052352711,273.1335542354917,0,0,1,0,0
220.8899993896484,236.2059517321417,0.05334224,249.5768505949996,271.4372989255762,0,0,1,0,0
233,235.7909430863161,0.1225132199267746,248.4667485009112,270.1893081907745,0,0,1,0,0
213.1000061035156,232.8536140756094,-0.148053717,246.0983435634692,268.3357200861964,0,0,1,0,0
216.7599945068359,230.7703040879052,0.038334477,244.1336420938975,266.6611480048643,0,0,1,0,0
237.0366668701172,231.5814812202447,0.2090888184243696,243.6583788940236,265.6992937900273,0,0,1,0,0
236.0866699,232.1646753599154,-0.006748889,243.1513241952049,264.7378245595561,0,0,1,0,0
235.0700073242188,232.5407689461323,-0.007202829,242.6101425799118,263.7745632986222,0,0,1,0,0
245.7066650390625,234.2450867790639,0.1011049662653943,242.8175074256402,263.1879307761909,0,0,1,0,0
244.9199981689453,235.6269480453478,-0.00541262,242.9583049410409,262.5948034942589,0,0,1,0,0
232.6633301,235.2433093688853,-0.088743929,242.2688812722677,261.6229817860727,0,0,1,0,0
228.4900054931641,234.3690979862831,-0.033462563,241.3461511813551,260.5472129734123,0,0,1,0,0
224.4733276367188,233.0880960887811,-0.034548403,240.2162286642435,259.3759580745656,0,0,1,0,0
227.2633361816406,232.3340841998665,0.027700871,239.3488122037382,258.3333183545685,0,0,1,0,0
233.0666656494141,232.4289164558501,0.05700587,238.9281156422678,257.5129551,0,0,1,0,0
231.7333374023438,232.3388741391907,-0.011566436,238.4463029,256.6759367419999,0,0,1,0,0
244.5433349609375,233.9187347178404,0.123509032,238.8546028668202,256.2820127402228,0,0,1,0,0
250.7633361816406,236.0992588888306,0.056781084,239.6520951114997,256.1028311274338,0,0,1,0,0
234.3433380126953,235.8719559205183,-0.128113657,239.2965835,255.3963390856622,0,0,1,0,0
233.0700073242188,235.5092452530541,-0.010888944,238.8796083484701,254.6714428,0,0,1,0,0
237.0399932861328,235.7073997236717,0.037995667,238.7564148310215,254.0989809932832,0,0,1,0,0
238.3133392333984,236.0447371252902,0.011921513,238.7267433837257,253.5864492804056,0,0,1,0,0
240.0666656494141,236.5653735072013,0.016360605,238.8164739694321,253.1474859511032,0,0,1,0,0
240.5466613769531,237.0807489792966,0.004381084,238.9323394441944,252.7383595879919,0,0,1,0,0
245.5299987792969,238.1744996,0.046231094,239.3741649527255,252.5043169327444,0,0,1,0,0
247.5,239.3816803794003,0.017850236,239.9183278171068,252.3418356622145,0,0,1,0,0
271.7066650390625,243.5661314,0.218592201,242.0470976648804,252.9705772313473,0,0,1,0,0
272.2433471679688,247.2783808579163,0.004326974,244.0692501609103,253.5963297941829,0,0,1,0,0
268.4333190917969,250.0168756957974,-0.029389786,245.7008389712028,254.0780604487925,0,0,1,0,0
258.8599853515625,251.1616112594468,-0.0797345,246.5820676382248,254.2333210456353,0,0,1,0,0
274.8200073242188,254.2241773033487,0.1377651189838617,248.4730779841599,254.9017341352604,0,0,1,0,0
280.8999938964844,257.6773467,0.049376568,250.6446115364957,255.7458513912702,0,0,1,0,0
297.1499938964844,262.7870587,0.1292569186302714,253.7589378705811,257.0901703,0,0,1,0,0
297.2766723632812,267.2517197392721,0.000774318,256.6731903646527,258.3949545110536,0,0,1,0,0
300.5866699,271.5669102629619,0.024716545,259.6139447218095,259.7648444715999,0,0,1,0,0
307.3966674804688,276.2050521520048,0.050477,262.8138107,261.3113650505056,0,0,1,0,0
308.6333312988281,280.4028746208371,0.008816208,265.8822069434856,262.8478251314784,0,0,1,0,0
288.1700134277344,281.4083263641908,-0.140990533,267.3747546689423,263.6699915,0,0,1,0,0
290.4233398,282.5753147809976,0.017304608,268.9182494674082,264.5386251871328,0,0,1,0,0
283.3333435058594,282.6734411724363,-0.055345631,269.8835851918789,265.1488562641356,0,0,1,0,0
294.3566589355469,284.1858271307597,0.086810682,271.5224737283914,266.0971816701758,0,0,1,0,0
286.6300048828125,284.5022246,-0.063523817,272.5341798950675,266.7638459,0,0,1,0,0
300.0299987792969,286.5122861894065,0.1043498178987392,274.3754926309901,267.8439387405377,0,0,1,0,0
309.3200073242188,289.4647328,0.069052668,276.7156222421937,269.1905929213665,0,0,1,0,0
306.5633239746094,291.6781358332487,-0.022058796,278.7144335367153,270.4040190304535,0,0,1,0,0
303.9966735839844,293.2727636060969,-0.021268329,280.4075095199292,271.4947127785404,0,0,1,0,0
302.8699951171875,294.5151198191243,-0.00966609,281.9117549830252,272.5134123944525,0,0,1,0,0
296.6666564941406,294.7936350297529,-0.05620684,282.8998465973936,273.2976252732965,0,0,1,0,0
289.9133301,294.1618823028215,-0.066926807,283.3695186050042,273.8371076569137,0,0,1,0,0
296.4533386230469,294.4585100327062,0.050259689,284.2457028908834,274.5714164529197,0,0,1,0,0
297.0966797,294.8000196084485,0.004673314,285.1062943627826,275.3027716884689,0,0,1,0,0
296.0700073242188,294.9644188028759,-0.0105033,285.8405014214591,275.9770468945737,0,0,1,0,0
288.0899963378906,294.0745286871191,-0.085483279,285.9911433665657,276.3703328,0,0,1,0,0
284.8200073242188,292.8765361097277,-0.038065526,285.9127158893063,276.6446787230719,0,0,1,0,0
277.7000122070312,290.9119436394007,-0.089057614,285.3627356923097,276.6789435243619,0,0,1,0,0
275.6099853515625,288.9311137585739,-0.02787842,284.7096231777015,276.6442363536571,0,0,1,0,0
277.1600036621094,287.4073501872073,0.012373376,284.2040477,276.6609824008588,0,0,1,0,0
270.2099914550781,285.1811617865387,-0.097961522,283.2669076577919,276.4515301980815,0,0,1,0,0
274.4200134277344,283.7881371932046,0.034635349,282.6744576170147,276.3855704616466,0,0,1,0,0
283.7000122070312,283.7767294633849,0.075409719,282.7431359399238,276.6230573762198,0,0,1,0,0
289.2600098,284.4865370097993,0.043618308,283.1795515,277.0333567451987,0,0,1,0,0
299.6799926757812,286.4533212873459,0.080342393,284.2845366694617,277.7686527363104,0,0,1,0,0
304.4200134277344,288.7790994643512,0.035163882,285.6329493119434,278.633975,0,0,1,0,0
292.1300048828125,289.2128723,-0.151598431,286.0680376873436,279.0721671046298,0,0,1,0,0
302.6099853515625,290.9471210233742,0.080010311,287.1758024,279.8363982005628,0,0,1,0,0
303.75,292.6044464950863,0.00822202,288.2857268650718,280.6128303,0,0,1,0,0
303.3500061035156,293.9954531334653,-0.005104164,289.2945365803245,281.3510659792065,0,0,1,0,0
309.0700073242188,295.9468456820204,0.041959164,290.6188406969945,282.2510507059085,0,0,1,0,0
308.7300109863281,297.6016192299556,-0.004289766,291.8316915910386,283.1107755,0,0,1,0,0
300.7999877929688,298.0156462,-0.097974749,292.4322715586936,283.6851127167936,0,0,1,0,0
288.5899963378906,296.7955011685672,-0.147406378,292.1749658814642,283.8443655645225,0,0,1,0,0
275.3299865722656,294.0168023955171,-0.156883657,291.0469080095028,283.5679188216626,0,0,1,0,0
276.0100098,291.6858332327341,0.005321104,290.0399319175448,283.3225269565282,0,0,1,0,0
282.9400024414062,290.5536903632893,0.05593723,289.5644708802282,283.3101070658508,0,0,1,0,0
287.8099975585938,290.1985209,0.038283347,289.4469790504498,283.4562105069912,0,0,1,0,0
268.2099914550781,287.3521181278473,-0.183156017,288.0248015224179,282.9611928901281,0,0,1,0,0
265.25,284.4910114,-0.030568513,286.4996411961185,282.3861419567517,0,0,1,0,0
242.3999938964844,279.0423528818938,-0.179045518,283.5464197421801,281.0878628455245,0,0,1,0,0
249.4400024414062,275.2103452922619,0.064691188,281.262415,280.0603131046556,0,0,1,0,0
240.8099975585938,270.7572396557212,-0.077209505,278.5534376245828,278.7859251664714,0,0,1,0,0
238.1300048828125,266.5336625,-0.025461935,275.8464012620534,277.4658997423589,0,0,1,0,0
223.0700073242188,260.9073168144516,-0.14104207,272.3121240425617,275.6997618599004,0,0,1,0,0
222.9600067138672,255.9950588975037,-0.001296296,269.0071603837345,273.9873958091898,0,0,1,0,0
216.5,250.8824457706354,-0.066950019,265.4909129299388,272.1208823099369,0,0,1,0,0
217.2400054931641,246.5274508,0.007396448,262.2596940032635,270.3389978466143,0,0,1,0,0
221.7200012207031,243.3161404497298,0.045863545,259.5448720535986,268.7604254961901,0,0,1,0,0
204.9900054931641,238.3548438685656,-0.157483317,255.8914958429376,266.6899133758718,0,0,1,0,0
219.3500061035156,235.8946783252314,0.1563838278072297,253.4444215903001,265.1528708,0,0,1,0,0
220.1900024414062,233.8617168784532,0.008316388,251.2174726217175,263.6930064143663,0,0,1,0,0
222.0399932861328,232.3314014185584,0.018539628,249.2635441161168,262.3406071589505,0,0,1,0,0
207.2799987792969,229.0885115,-0.139021655,246.4520316802312,260.5528871314438,0,0,1,0,0
214.4400024414062,227.1922702174801,0.076988029,244.3082818472708,259.0556837784036,0,0,1,0,0
211.25,225.1285523180464,-0.031812726,242.0944676,257.5035182496477,0,0,1,0,0
222.4199981689453,224.7779315091633,0.1179789473675048,240.7769272456572,256.3644187494904,0,0,1,0,0
224.6399993896484,224.7600762739887,0.022070852,239.6962854613539,255.3343832755006,0,0,1,0,0
225.0899963378906,224.8027842404181,0.004232989,238.7181459740071,254.3524018219886,0,0,1,0,0
228.5200042724609,225.2839762796704,0.033825569,238.0352069323709,253.5136698170813,0,0,1,0,0
227.5399932861328,225.5760164103513,-0.009195231,237.3323738713002,252.6703507349156,0,0,1,0,0
227.8200073242188,225.8664997701201,0.002438506,236.6953591402368,251.8635042812905,0,0,1,0,0
214.9799957275391,224.4572479541335,-0.121369374,235.2411462147974,250.6659624,0,0,1,0,0
215.3099975585938,223.2731415430416,0.00311916,233.9064168140563,249.5180170611579,0,0,1,0,0
207.4700012207031,221.2274339301626,-0.084154864,232.1360491472797,248.1527927702048,0,0,1,0,0
197.0800018310547,218.1015624,-0.121650755,229.7884505,246.4945500825727,0,0,1,0,0
191.3000030517578,214.6321157,-0.0758465,227.2109943419595,244.7024813052852,0,0,1,0,0
177.5899963378906,209.8370341973485,-0.173033508,223.8880245,242.5234582795312,0,0,1,0,0
190.7200012207031,207.3623450470723,0.1649969059264511,221.6668612497577,240.8414921625016,0,0,1,0,0
195.9700012207031,205.8876125560119,0.061235211,219.9460194067146,239.3845946566272,0,0,1,0,0
190.9499969482422,203.9539466298871,-0.064733398,218.0042425253391,237.8120094111117,0,0,1,0,0
194.4199981689453,202.7197823720544,0.040318443,216.4248762339265,236.4031479797955,0,0,1,0,0
186.9199981689453,200.6745092069191,-0.104277669,214.4490228148434,234.7965181123885,0,0,1,0,0
183.1699981689453,198.4085601132766,-0.055565423,212.3543601066611,233.1202968,0,0,1,0,0
180.1900024414062,196.0501780850959,-0.045711254,210.2004092946788,231.4017443078322,0,0,1,0,0
167.8699951171875,192.4022693,-0.176002272,207.3656680902043,229.3389814043308,0,0,1,0,0
169.9100036621094,189.4906581600752,0.02685834,204.8573742934536,227.4094282,0,0,1,0,0
183.1999969482422,188.6763356097085,0.174574313,203.4070445214863,225.9740265878904,0,0,1,0,0
182.8600006103516,187.9234143203607,-0.00476727,202.0310704579958,224.5741908437158,0,0,1,0,0
182.9199981689453,187.2757249179649,0.000420588,200.7512591182742,223.2217532905343,0,0,1,0,0
180.8300018310547,186.4413296952152,-0.028134778,199.4171921129235,221.8453685153792,0,0,1,0,0
194.6999969482422,187.5104095190443,0.1711847052938927,199.1012956644078,220.9640065792809,0,0,1,0,0
194.6999969482422,188.4410975618872,-0.000357744,198.8065538560333,220.1112608977248,0,0,1,0,0
194.8600006103516,189.2720209457677,0.00147971,198.5422649914293,219.2913973861589,0,0,1,0,0
182.4499969482422,188.3889137821077,-0.149391611,197.4646139411892,218.0952226372442,0,0,1,0,0
179.8200073242188,187.2796736679658,-0.035020258,196.2830074205409,216.8524944694086,0,0,1,0,0
174.0399932861328,185.5658045003981,-0.083185588,194.7934593,215.4624486990369,0,0,1,0,0
173.4400024414062,183.9961262542789,-0.00906657,193.3634821782687,214.0980546069696,0,0,1,0,0
179.0500030517578,183.3558533918446,0.071963551,192.4049513004659,212.9601067067635,0,0,1,0,0
167.8200073242188,181.3447468696723,-0.149856062,190.7585711491415,211.4944879625507,0,0,1,0,0
160.9499969482422,178.7046579806267,-0.104334257,188.7623801083541,209.8533982338937,0,0,1,0,0
156.8000030517578,175.8691127388919,-0.069978239,186.6219553335013,208.1308488490533,0,0,1,0,0
157.6699981689453,173.5132476,0.012048014,184.6831293730365,206.4924747732919,0,0,1,0,0
150.2299957275391,170.4992437685742,-0.13333788,182.3759061,204.6657321428322,0,0,1,0,0
149.8699951171875,167.8287992,-0.006745859,180.1990824660233,202.886612,0,0,1,0,0
137.8000030517578,163.9415884110819,-0.176368212,177.3597429560566,200.7733655821055,0,0,1,0,0
137.5700073242188,160.5278020943969,-0.003873678,174.6951433932512,198.7212649481471,0,0,1,0,0
125.3499984741211,155.9740552312726,-0.161847766,171.3906466558343,196.3390304182775,0,0,1,0,0
123.1500015258789,151.7249999687716,-0.033471667,168.1601149651467,193.9627128185697,0,0,1,0,0
109.0999984741211,146.2072175357872,-0.169575329,164.2050356,191.2073714141613,0,0,1,0,0
112.7099990844727,141.8710214761178,0.073625793,160.7565670951437,188.6587013440603,0,0,1,0,0
121.8199996948242,139.2754280011922,0.1803632129263248,158.1491016565188,186.4885675757307,0,0,1,0,0
123.1800003051758,137.1918839524349,0.024603893,155.8073255503732,184.4330509922491,0,0,1,0,0
108.0999984741211,108.0999984741211,0.011601095,108.0999984741211,108.0999984741211,0,0,0,1,0
113.6399993896484,111.0616938296132,0.1591766750922479,110.9659614141136,110.9157094964272,0,0,0,1,0
110.3399963378906,110.7871180182171,-0.091024109,110.7426882125199,110.7174372,0,0,0,1,0
113.0599975585938,111.4783488596576,0.076290252,111.3835661111181,111.3323836338201,0,0,0,1,0
119.7699966430664,113.6250471,0.1844191430286626,113.3010368,113.1331032089872,0,0,0,1,0
118.8499984741211,114.8227404239068,-0.032147,114.3931798872726,114.1662359250266,0,0,0,1,0
123.2200012207031,116.5729765931734,0.1140533975533521,115.9308049736963,115.5911531,0,0,0,1,0
123.5599975585938,117.9226779,0.008068901,117.1310944536922,116.7060526430736,0,0,0,1,0
122.4000015258789,118.735762,-0.051763753,117.8913462,117.4253924849993,0,0,0,1,0
131.4900054931641,120.9371348725582,0.2309009164613713,119.7126693039868,119.0497598939579,0,0,0,1,0
128.7799987792969,122.2348127362297,-0.134509957,120.8508711881973,120.0873874647755,0,0,0,1,0
127.1699981689453,123.0230040370537,-0.095640278,121.6002151008114,120.7905210550375,0,0,0,1,0
133.4199981689453,124.6347236718479,0.1526260999384091,122.9330496,121.9658072957994,0,0,0,1,0
143.75,127.5240569767658,0.2407482510414613,125.1776387558185,123.8772087572185,0,0,0,1,0
143.8899993896484,129.9452707213095,0.002505215,127.1160986,125.5412064,0,0,0,1,0
144.4299926757812,132.0492639,0.011165118,128.8463177842584,127.0359932449934,0,0,0,1,0
160.2700042724609,136.0847098392704,0.341242167,131.8863467249404,129.5487418187953,0,0,0,1,0
177.8999938964844,141.9842014191648,0.3422680900096277,136.2091392,133.0532864916522,0,0,0,1,0
166.6600036621094,145.4255360867051,-0.165341118,138.9947205058883,135.3954181912967,0,0,0,1,0
173.2200012207031,149.2633791321254,0.1221323834892112,142.0506733902671,137.9368985145826,0,0,0,1,0
181.4100036621094,153.6641869259551,0.1467802960766305,145.4883061996801,140.7598873269507,0,0,0,1,0
188.2700042724609,158.3666269,0.1172813687696586,149.1502440515052,143.7480064,0,0,0,1,0
189.9799957275391,162.6349629380265,0.027743281,152.5811886130051,146.5698797131117,0,0,0,1,0
194.7599945068359,166.9483677088494,0.077846675,156.0660312855771,149.4295729532643,0,0,0,1,0
196.8099975585938,170.9386347159297,0.032240518,159.3804436918347,152.1676358,0,0,0,1,0
201.2899932861328,174.9774764853342,0.070375401,162.7413424099345,154.9362595916907,0,0,0,1,0
207.3200073242188,179.2657585747044,0.09279339,166.2696195816068,157.8198030322608,0,0,0,1,0
196.8899993896484,181.5952341430381,-0.133443154,168.6639736357704,159.9229951761214,0,0,0,1,0
194.6399993896484,183.3147339467069,-0.031880439,170.6726108846752,161.7527610535909,0,0,0,1,0
209.25,186.7253300928544,0.233353184,173.6250821342453,164.2064561537285,0,0,0,1,0
214.2400054931641,190.3362057279223,0.073753617,176.7040379726427,166.7425057465906,0,0,0,1,0
202.0399932861328,191.8694099268545,-0.149048114,178.6078855546641,168.4996164680228,0,0,0,1,0
208.3099975585938,194.0198023900708,0.096148489,180.8217213158792,170.4476551464611,0,0,0,1,0
197.3699951171875,194.4574101334372,-0.142371459,182.0458767495031,171.7437050952163,0,0,0,1,0
200.8600006103516,195.2927479407389,0.054543086,183.4279626284701,173.1237446467233,0,0,0,1,0
202.0700073242188,196.1760679655229,0.018212021,184.7885731119048,174.4755436858512,0,0,0,1,0
196.8800048828125,196.2677349418261,-0.075235931,185.6657996609583,175.5071566656118,0,0,0,1,0
207.6300048828125,197.7461948523474,0.1695942361501319,187.2504441880315,176.9664402450131,0,0,0,1,0
205.7100067138672,198.7817524654566,-0.026761745,188.5753776507355,178.2555028545524,0,0,0,1,0
202.7700042724609,199.3000540307961,-0.042705201,189.5893207772517,179.3414617603998,0,0,0,1,0
190.8999938964844,198.2089606188167,-0.161115799,189.6825279718451,179.8475022680265,0,0,0,1,0
197.7899932861328,198.1545645002087,0.1119752434239778,190.2567010909275,180.6242499643051,0,0,0,1,0
193.8099975585938,197.5907096104342,-0.05889777,190.5073806685263,181.1889619308642,0,0,0,1,0
187.7100067138672,196.3087821159146,-0.099512801,190.3107345343778,181.4653782007763,0,0,0,1,0
182,194.4528935487332,-0.10404024,189.7284561943035,181.4878173330318,0,0,0,1,0
172.9199981689453,191.6607249,-0.169668014,188.5544336681314,181.1315945034764,0,0,0,1,0
173.4400024414062,189.2985661611833,0.008872696,187.5017658588648,180.814689,0,0,0,1,0
174.4799957275391,187.3778355470024,0.018187531,186.5972682781798,180.5559494793162,0,0,0,1,0
183.2599945068359,186.8441847073526,0.156316214,186.3660364065494,180.6654782785396,0,0,0,1,0
180.4499969482422,186.0156515893839,-0.052739776,185.9570769593514,180.6568196831522,0,0,0,1,0
184.1300048828125,185.7713479914164,0.063053532,185.8310487687742,180.7953128331991,0,0,0,1,0
180.1300048828125,185.0405384345394,-0.078719922,185.4385901948451,180.7689787496007,0,0,0,1,0
183.25,184.8086048100512,0.05347807,185.2882097672866,180.8664884,0,0,0,1,0
197.5800018310547,186.4627827686913,0.2431929913355533,186.1313217927042,181.5189078817235,0,0,0,1,0
191.1499938964844,187.0698360216174,-0.126470642,186.4750015719029,181.8924087806922,0,0,0,1,0
192.2200012207031,187.7368055166401,0.016945581,186.8678259953534,182.2904083,0,0,0,1,0
190.4100036621094,188.0829776110566,-0.035666477,187.1096876404723,182.6014295488652,0,0,0,1,0
191.8099975585938,188.5655937164492,0.022414009,187.4302061324208,182.9521169789647,0,0,0,1,0
189.1900024414062,188.6464457486299,-0.052783871,187.5500615812601,183.1883463883894,0,0,0,1,0
193.8800048828125,189.3240924716007,0.076754006,187.9806875,183.5910652306739,0,0,0,1,0
195.2799987792969,190.0952450864702,0.022003926,188.4767321765924,184.0290711,0,0,0,1,0
207.4600067138672,192.3435196823813,0.1938708858156692,189.7655157720167,184.9027002064842,0,0,0,1,0
194.7700042724609,192.6576773479746,-0.190984511,190.1049594257989,185.2688417079542,0,0,0,1,0
192.5800018310547,192.6476208859268,-0.035877542,190.2726918206358,185.538881,0,0,0,1,0
185.5200042724609,191.7248422864004,-0.122507019,189.9508628115823,185.5381869104052,0,0,0,1,0
185.0599975585938,190.8619901967739,-0.008361908,189.6199246694769,185.5206787592734,0,0,0,1,0
184.5099945068359,190.0396518566036,-0.009769015,189.2744046120256,185.4838269,0,0,0,1,0
186.7899932861328,189.6189515034963,0.037947249,189.1065244263863,185.5312632488395,0,0,0,1,0
180.5399932861328,188.4436030715659,-0.109592515,188.5280053899635,185.3506891784539,0,0,0,1,0
185.8999938964844,188.1143142,0.091957808,188.3506296,185.3704884635735,0,0,0,1,0
185,187.7111465577637,-0.016415477,188.1246003349638,185.3571820632863,0,0,0,1,0
187.0399932861328,187.6242621,0.033802402,188.0514700737478,185.417414,0,0,0,1,0
184.3099975585938,187.1952151676172,-0.051346711,187.7993147445797,185.3779081678388,0,0,0,1,0
180.5899963378906,186.3401433358397,-0.075917435,187.3136527660022,185.2076507320519,0,0,0,1,0
162.9900054931641,183.3173888980027,-0.18840582,185.6757225,184.4200295903631,0,0,0,1,0
165.0800018310547,180.9565066934544,0.039398825,184.2893428457706,183.7364591444851,0,0,0,1,0
162.5500030517578,178.5737400567237,-0.031562355,182.8264891996839,182.9897748955977,0,0,0,1,0
160.6699981689453,176.2560641,-0.025069376,181.3360475120214,182.2053255365581,0,0,0,1,0
153.75,173.3426157,-0.096779398,179.4809257540759,181.2079074,0,0,0,1,0
160.1900024414062,171.6399913469284,0.1299687255765597,178.1840042296287,180.4730849286189,0,0,0,1,0
164.3099975585938,170.6911152,0.07958834,177.2515048642191,179.9094008748519,0,0,0,1,0
161.8300018310547,169.5440357797049,-0.035976937,176.2152490608894,179.2803996063834,0,0,0,1,0
160.3099975585938,168.3486827,-0.023425084,175.1467316919201,178.6219289224378,0,0,0,1,0
160.6100006103516,167.3469058830501,0.005333203,174.1703598630926,177.9981259596127,0,0,0,1,0
161.1999969482422,166.5511859131076,0.010949008,173.2993677,177.4176167683449,0,0,0,1,0
170.0599975585938,167.0054026209204,0.1707815358508668,173.0818762250528,177.1638826448782,0,0,0,1,0
171.7899932861328,167.6247687685657,0.031202991,172.9951541592964,176.9789324017455,0,0,0,1,0
169.1499938964844,167.8222092960429,-0.040431618,172.7370762684016,176.7100119810323,0,0,0,1,0
168.5399932861328,167.9151264363921,-0.010035002,172.4554205848401,176.4299025878138,0,0,0,1,0
172.0800018310547,168.4542692668397,0.064955912,172.4302307150136,176.2810365415796,0,0,0,1,0
167.9799957275391,168.3928746,-0.068445227,172.1316677,175.9974487749774,0,0,0,1,0
166.3500061035156,168.1284257,-0.029584791,171.7438276867404,175.6684215945748,0,0,0,1,0
166.5200042724609,167.9202159083162,0.002686028,171.3934480069489,175.3569236233575,0,0,0,1,0
173.8600006103516,168.6891194,0.1368637467141825,171.5588705130794,175.3060347809017,0,0,0,1,0
176.8899993896484,169.7507206997657,0.053811552,171.9163740022795,175.3598005350046,0,0,0,1,0
180.1399993896484,171.0956092070419,0.056757046,172.4677961458113,175.5218195078274,0,0,0,1,0
188.8699951171875,173.3964967768005,0.1505240713831557,173.5675245350004,175.9735955063977,0,0,0,1,0
185.7700042724609,174.9982423677708,-0.053186741,174.3856058025679,176.3047040582041,0,0,0,1,0
182.8999938964844,176.0211207726838,-0.053540999,174.9563863,176.5273218301108,0,0,0,1,0
184.4700012207031,177.1148246304956,0.026251547,175.5941074,176.7950751761834,0,0,0,1,0
193.1699981689453,179.1931595267096,0.1464723911289554,176.7721856648112,177.3464004103356,0,0,0,1,0
201.1600036621094,182.0367571814091,0.1283992497645293,178.4067545028854,178.1472161375717,0,0,0,1,0
203.9299926757812,184.8708259669498,0.042412993,180.1173262611899,179.0132473698543,0,0,0,1,0
207.5200042724609,187.8027509463425,0.054267555,181.9537607692813,179.9697033322861,0,0,0,1,0
213.9700012207031,191.1900883696561,0.096266426,184.0992741644251,181.1092431538032,0,0,0,1,0
217.6100006103516,194.6101325466774,0.052421433,186.3448340599051,182.3313073930374,0,0,0,1,0
221.3099975585938,198.0664163,0.052393865,188.6877548943584,183.6350144,0,0,0,1,0
224.5700073242188,201.4972923,0.045312499,191.0920305255416,185.0028148203548,0,0,0,1,0
234.8600006103516,205.8160772735112,0.1421991663053112,194.0245752281151,186.6671670713565,0,0,0,1,0
244.3999938964844,210.8107447370059,0.1259914641912051,197.3997143,188.5926668391401,0,0,0,1,0
249.8300018310547,215.8617666368012,0.068644797,200.9124141647555,190.6332454050238,0,0,0,1,0
258.7099914550781,221.4084462055039,0.1101738247797416,204.7845909721234,192.8997937934005,0,0,0,1,0
256.7900085449219,225.9885702404871,-0.027235009,208.2686200032989,195.0252005816825,0,0,0,1,0
255.8999938964844,229.8605877139836,-0.013434948,211.4595314122701,197.0486793197293,0,0,0,1,0
260.5400085449219,233.8320219323816,0.055912968,214.7474393458426,199.1575041707799,0,0,0,1,0
274.4500122070312,239.0899984391393,0.1657840713959483,218.7468304,201.6564332204094,0,0,0,1,0
259.4599914550781,241.7268827989404,-0.162062429,221.4740887708726,203.5735278581904,0,0,0,1,0
264.6099853515625,244.6890877673883,0.061262875,224.3635810628457,205.5964329126356,0,0,0,1,0
256.6000061035156,246.2309495421936,-0.095165411,226.5229230322216,207.2856832553406,0,0,0,1,0
241.0500030517578,245.5602788974387,-0.163230935,227.4959956894021,208.4032368097643,0,0,0,1,0
250.2100067138672,246.1621835753338,0.11782838,229.0174316277164,209.7861128307379,0,0,0,1,0
256.2399902,247.46675,0.0745096,230.8408324800251,211.3217688447639,1,0,0,0,0
257.5,248.7655486375536,0.014731663,232.6264712759293,212.8474133834234,1,0,0,0,0
261.7699890136719,250.4489661765211,0.051083777,234.5784866446016,214.4628054,1,0,0,0,0
279.8200073242188,254.2510310218073,0.2141944602389989,237.6086990589903,216.6196693981271,1,0,0,0,0
282.4800109863281,257.9052566717463,0.028938284,240.6140806696427,218.7919799070062,1,0,0,0,0
276.5400085449219,260.3175148593285,-0.060857785,243.0202942063632,220.6957360748646,1,0,0,0,0
274.4299926757812,262.1443671990842,-0.022936993,245.1240027357393,222.4662894190283,1,0,0,0,0
269.6099853515625,263.1107872801109,-0.055348135,246.7639703005825,224.0189343050093,1,0,0,0,0
269.7900085449219,263.9754087233451,0.001395218,248.3061434521235,225.5256705830158,1,0,0,0,0
271.9899902,265.0128917988237,0.024725986,249.8923604832177,227.0545386571362,1,0,0,0,0
277.8999938964844,266.6811199249505,0.067027582,251.7681472438569,228.7268352213597,1,0,0,0,0
281.3800048828125,268.5838823,0.038338289,253.7513614044355,230.4578573891764,1,0,0,0,0
290.3800048828125,271.4053781336488,0.09898972,256.2044990269088,232.4270511312386,1,0,0,0,0
293.3399963378906,274.2448021256578,0.03108038,258.6915668652204,234.4280159890916,1,0,0,0,0
291.2600098,276.4474111843375,-0.023362748,260.8727537214398,236.2942115981895,1,0,0,0,0
262.8999938964844,274.6937056377303,-0.182340553,261.0085221334572,237.1675451576511,1,0,0,0,0
260.0199890136719,272.7942012770565,-0.021811013,260.9423183860485,237.9174080584026,1,0,0,0,0
269.0599975585938,272.3108107070955,0.1076573012887785,261.4859706393779,238.9389451045608,1,0,0,0,0
265.2799987792969,271.4006760600805,-0.029415216,261.7400608623699,239.8026942672479,1,0,0,0,0
264.3500061035156,270.4879708028583,-0.007909363,261.9148510413409,240.6073651432235,1,0,0,0,0
255.7100067138672,268.5749716705074,-0.074378526,261.4993090992658,241.1022813769208,1,0,0,0,0
266.4400024414062,268.2986011057409,0.1300789942696548,261.8301889558068,241.9323523304015,1,0,0,0,0
267.4299926757812,268.1861602335258,0.010893381,262.2052084058137,242.7674183930266,1,0,0,0,0
261.0700073242188,267.2649782462016,-0.058095148,262.1291841,243.3666721,1,0,0,0,0
254.1100006103516,265.5620737986274,-0.069711656,261.5921417496622,243.7183283376069,1,0,0,0,0
259.3200073242188,264.7540418085064,0.063269968,261.4399779873363,244.2288757580658,1,0,0,0,0
253.8600006103516,263.3438143102435,-0.05901026,260.9323517830948,244.5439629471183,1,0,0,0,0
251.4499969482422,261.8041663508265,-0.027973211,260.2973260762416,244.7698415335288,1,0,0,0,0
249.6999969482422,260.2372884384344,-0.021372693,259.5876329887254,244.9310556571231,1,0,0,0,0
242.1900024414062,257.9010774301913,-0.095463414,258.4225325416615,244.8414450400512,1,0,0,0,0
245.3399963378906,256.2750525572536,0.039908159,257.5464109529782,244.8577400511406,1,0,0,0,0
242.6499938964844,254.5112964,-0.036953462,256.5488177375681,244.7855960988187,1,0,0,0,0
239.7599945068359,252.6017486673569,-0.042357093,255.4244944668407,244.6214056435081,1,0,0,0,0
232.9600067138672,250.0591362344108,-0.105153852,253.9200824613789,244.2404955063939,1,0,0,0,0
225.6000061035156,246.8929156154161,-0.121756266,252.0235334829503,243.6317383364836,1,0,0,0,0
219.2200012207031,243.3106724338017,-0.115646718,249.8267377918168,242.8346560773731,1,0,0,0,0
215.4900054931641,239.7093027685036,-0.074186328,247.5272692448741,241.9419732011039,1,0,0,0,0
231.2799987792969,238.6181341150032,0.2277225828263833,246.4392203521883,241.5939682450737,1,0,0,0,0
233.1900024414062,237.9154655,0.025112348,245.5519463254991,241.3197113531148,1,0,0,0,0
236.8600006103516,237.7788361883457,0.048421682,244.9698644361584,241.1741963150481,1,0,0,0,0
230.0399932861328,236.7770473337377,-0.131857851,243.9700423473161,240.8109588913202,1,0,0,0,0
238.5899963378906,237.0117325611342,0.1152014502276889,243.6097523,240.7385144235699,1,0,0,0,0
238.8200073242188,237.2458127106526,0.002380982,243.2889936939767,240.6759450020041,1,0,0,0,0
257.1799926757812,239.8262810785926,0.2389508697285046,244.2192423773583,241.2141231586097,1,0,0,0,0
256.8999938964844,242.0364635855364,-0.005399681,245.0684429206005,241.7255495736881,1,0,0,0,0
258.0799865722656,244.1132885990974,0.013690494,245.9397952589543,242.2587015695361,1,0,0,0,0
245.0099945068359,244.2293666737521,-0.17959823,245.8775287384223,242.3483814700815,1,0,0,0,0
256.4899902,245.8164974874192,0.1453601570934844,246.5882193485418,242.8092762709628,1,0,0,0,0
251.9199981689453,246.6065922126104,-0.067628943,246.9452753500528,243.1061708647635,1,0,0,0,0
251.4900054931641,247.2387473110024,-0.006932823,247.2496244985118,243.3793455517133,1,0,0,0,0
248.5,247.4020157611415,-0.046092415,247.3333589614475,243.5461751707547,1,0,0,0,0
273.5799865722656,250.7907393368222,0.3138590122926379,249.0910279870558,244.5245599910297,1,0,0,0,0
267.4800109863281,252.9511562,-0.091693668,250.3224902875124,245.2722787,1,0,0,0,0
271.2999877929688,255.3264020712274,0.043850464,251.7272981191494,246.1199803060623,1,0,0,0,0
276.0400085449219,258.0077667614208,0.053791927,253.3554557993647,247.0943532637688,1,0,0,0,0
274.3900146484375,260.1284395223852,-0.02559829,254.7640839,247.9831744977825,1,0,0,0,0
265.2799987792969,260.7953059663518,-0.138404832,255.4683063,248.5463530806137,1,0,0,0,0
266.5,261.5337753955878,0.013677158,256.2070688852255,249.1308641378223,1,0,0,0,0
262.5899963378906,261.6705026016058,-0.065497173,256.6345160725496,249.5690099819077,1,0,0,0,0
255.6999969482422,260.8976240079307,-0.122681739,256.5719338996983,249.7685798028434,1,0,0,0,0
244.8800048828125,258.8241522348241,-0.179134198,255.7889577900984,249.6094649223966,1,0,0,0,0
246.9900054931641,257.2922286052305,0.026197016,255.1997164513998,249.5242127578117,1,0,0,0,0
244.1199951171875,255.5870904000571,-0.051278878,254.4577385139836,249.3483423,1,0,0,0,0
240.5,253.6340750462551,-0.068792044,253.5230279995041,249.0604106140233,1,0,0,0,0
246.3800048828125,252.6950397497811,0.075536092,253.0446799061077,248.9731945321719,1,0,0,0,0
250.2200012207031,252.3746474063698,0.04791508,252.8555191804851,249.0137607656501,1,0,0,0,0
251.6000061035156,252.2743705260673,0.016532453,252.7714410414216,249.0979014040474,1,0,0,0,0
246.5299987792969,251.5307648392271,-0.099809571,252.3534694701948,249.0143630119759,1,0,0,0,0
261.1600036621094,252.7772643807409,0.1842779722065797,252.9432178448118,249.4094569757875,1,0,0,0,0
260.0499877929688,253.7187143297598,-0.021106409,253.4191378150323,249.7555689024429,1,0,0,0,0
260.5299987792969,254.6004312649847,0.005097761,253.8953316920998,250.1060154148763,1,0,0,0,0
259.6700134277344,255.2566858202782,-0.016345619,254.2820455,250.4170738142762,1,0,0,0,0
263.6199951171875,256.3393114977457,0.046749206,254.9073809,250.8464602444832,1,0,0,0,0
262.9899902,257.2002381139024,-0.012064438,255.4486498071006,251.2413717998987,1,0,0,0,0
258.8699951171875,257.4163872174103,-0.07893517,255.6777673557538,251.4894441922369,1,0,0,0,0
251.1199951171875,256.6013228067686,-0.146322568,255.3725466253175,251.4774308,1,0,0,0,0
253.9199981689453,256.2542268427817,0.034092434,255.2752736939855,251.5568518902722,1,0,0,0,0
254.8500061035156,256.0724512590756,0.01075932,255.2467947665464,251.6639250866916,1,0,0,0,0
242.6799926757812,254.3388050393866,-0.183815535,254.4052328220028,251.3718359873542,1,0,0,0,0
220.1100006103516,249.9079055869974,-0.191152804,252.1085816726558,250.3554839445272,1,0,0,0,0
211.9900054931641,244.9994547788534,-0.081285672,249.4219584116195,249.1082389955943,1,0,0,0,0
212.0800018310547,240.7380501381586,0.000668542,246.9212773521685,247.9045169409007,1,0,0,0,0
216.5200042724609,237.6030377427738,0.064586755,244.8853935691129,246.8843031262458,1,0,0,0,0
212.4199981689453,234.3431074554488,-0.044355381,242.7112816944776,245.7640181051587,1,0,0,0,0
205.7599945068359,230.6430395850061,-0.078350658,240.2367629757135,244.4637095498963,1,0,0,0,0
207.3000030517578,227.6212966548181,0.022669442,238.0310854002809,243.2557676785185,1,0,0,0,0
197.3600006103516,223.7039889279315,-0.123548942,235.3074630291039,241.7640575894438,1,0,0,0,0
200.8399963378906,220.7442579663484,0.054294335,232.9992787158647,240.4339836164457,1,0,0,0,0
205.6600036621094,218.7916097435662,0.074134244,231.1684483789544,239.3038306686945,1,0,0,0,0
218.5099945068359,218.7551548098042,0.1940569306108127,230.3207492142239,238.6280532790373,1,0,0,0,0
219.9600067138672,218.9111222100967,0.020025012,229.6269209955019,238.0213804019493,1,0,0,0,0
219.2700042724609,218.9575792909129,-0.008387952,228.9333489970286,237.4120175899682,1,0,0,0,0
222.1799926757812,219.3747188884112,0.040702702,228.4810968,236.9170372383475,1,0,0,0,0
222.1100006103516,219.7287995665428,-0.001297539,228.0544433697997,236.4358806998538,1,0,0,0,0
209.9799957275391,218.4668224010471,-0.132343839,226.8440513007894,235.5762164827032,1,0,0,0,0
214.6499938964844,217.9727361011361,0.068652575,226.0274515,234.8962522140553,1,0,0,0,0
223.7100067138672,218.7154225501719,0.1308790326575529,225.8722591,234.5327821,1,0,0,0,0
237.4100036621094,221.1354255445273,0.1901873121484099,226.6449075608681,234.6262682373486,1,0,0,0,0
242.8399963378906,223.9450700076277,0.070620791,227.7294444666349,234.8931407315588,1,0,0,0,0
233.5899963378906,225.1936002881307,-0.098186799,228.1219081807007,234.8508011924314,1,0,0,0,0
234.3000030517578,226.3724189962809,0.008817684,228.5356367980888,234.8329059960851,1,0,0,0,0
235.6000061035156,227.5669249494484,0.016636191,229.0087165687672,234.8578282188244,1,0,0,0,0
241.1999969482422,229.3317184402357,0.073416938,229.8251302926324,235.0638739162228,1,0,0,0,0
234.2100067138672,229.9632101093364,-0.080189844,230.1187723985477,235.0361338553046,1,0,0,0,0
235.4499969482422,230.6734715749471,0.015844331,230.4757886,235.0495789968664,1,0,0,0,0
236.0800018310547,231.3733438711227,0.007683994,230.8510860632438,235.0830536456488,1,0,0,0,0
246.7200012207031,233.3599600203133,0.1397952399586457,231.9137799844156,235.4610884377247,1,0,0,0,0
244.1399993896484,234.7554300443193,-0.029886254,232.7325334,235.7430242991017,1,0,0,0,0
240.0800018310547,235.4446928628016,-0.04973928,233.2245714648326,235.8839093461641,1,0,0,0,0
238.8300018310547,235.8829192018105,-0.016081668,233.5999504093592,235.9796104585114,1,0,0,0,0
235.5800018310547,235.8437067187984,-0.04331362,233.7325485434342,235.9666297446435,1,0,0,0,0
238.7200012207031,236.2160414218644,0.040882034,234.0665433614227,236.0560677006169,1,0,0,0,0
239.3699951171875,236.6243189511141,0.007830714,234.4216996921213,236.1637126356786,1,0,0,0,0
242.6399993896484,237.4030453952729,0.041916878,234.9720546839101,236.3740761605625,1,0,0,0,0
243.8399963378906,238.2363050688852,0.014757473,235.5659142544097,236.6165817067508,1,0,0,0,0
239.7400054931641,238.4309582417795,-0.056909299,235.8454406782337,236.7180343593154,1,0,0,0,0
237.0099945068359,238.2470152867144,-0.040728697,235.9234273696691,236.7275174612148,1,0,0,0,0
239.2899932861328,238.3820282012337,0.029323826,236.1488762322911,236.8107477023406,1,0,0,0,0
251.0500030517578,240.0218904098129,0.1524971432687637,237.1467601775999,237.2732388,1,0,0,0,0
253.5,241.7666241040957,0.029757482,238.2418877880907,237.8002778607056,1,0,0,0,0
252.0800018310547,243.1016850413649,-0.020917141,239.1685849364058,238.2640726131395,1,0,0,0,0
257.2200012207031,244.9292931179874,0.062887884,240.3774343420142,238.8797402,1,0,0,0,0
247.1399993896484,245.2154677995717,-0.138119636,240.8303031132489,239.1480214197447,1,0,0,0,0
254.5,246.4173452629761,0.092150948,241.7457218589353,239.6466262301838,1,0,0,0,0
252.5399932861328,247.2099186007099,-0.028625516,242.4685819533804,240.0653756,1,0,0,0,0
256.6099853515625,248.4267519465866,0.049568467,243.4155894691745,240.6027043295246,1,0,0,0,0
261.4400024414062,250.1113098928274,0.058001709,244.6226305265517,241.2794428780705,1,0,0,0,0
253.1799926757812,250.5085491505037,-0.119054982,245.1956914883261,241.6659367452116,1,0,0,0,0
248.4799957275391,250.2459540525772,-0.075217756,245.4156315,241.8872348362074,1,0,0,0,0