tsla,tsla_exponential_moving_average_5,tsla_sortino_ratio_5,tsla_exponential_moving_average_10,tsla_exponential_moving_average_21
16.97866630554199,16.97866630554199,0.007616978428862022,16.97866630554199,16.97866630554199
19.97866630554199,18.58247218968428,0.3949100187939277,18.53063154003855,18.50341931474151
21.87533378601074,19.83526876303585,0.2121079360784074,19.72364119377491,19.66468703899981
21.84733390808105,20.44718041894883,-0.003018410119609948,20.31097224058518,20.23765449662182
21.08133316040039,20.61136184927908,-0.09095472719436261,20.48710730593757,20.41770881806938
21.00066757202148,20.70060073838184,-0.01285024299088411,20.58818590840674,20.5230586159715
20.99466705322266,20.76189280883816,-0.001346837677344646,20.65899459273572,20.59728220410092
20.88733291625977,20.78612440617965,-0.02318798389318644,20.69491872029652,20.63786241826859
21.1646671295166,20.85486794636622,0.02955330436400427,20.76269882445465,20.70441581126782
21.14800071716309,20.90546244244502,-0.004235643712226257,20.81430385467443,20.75564685927632
21.77199935913086,21.04883937569401,0.06583894511863712,20.93452126054243,20.86403015674165
22.36933326721191,21.2597335380868,0.06120975024643509,21.10466622617123,21.01347069847217
22.47599983215332,21.44827651910787,0.01052757956444421,21.25930195671859,21.14957216585881
23.00600051879883,21.68373133309601,0.05259004246768343,21.44763985055571,21.31245999535112
23.32866668701172,21.9270867102145,0.03122503797121265,21.64250008842137,21.48010094261958
23.07399940490723,22.09368269055728,-0.06158912814287347,21.78555326470558,21.60623601669
23.29000091552734,22.26475111357131,0.02079667686095367,21.93109839035328,21.73354168089871
23.47800064086914,22.43592190750424,0.01791431076317605,22.07642347903139,21.85998172314123
23.33266639709473,22.56098361247215,-0.03935140948250563,22.19134195142341,21.96261660535695
23.9680004119873,22.75526364674428,0.06074803983617021,22.34997862097646,22.09736081340876
23.48133277893066,22.85466104048323,-0.1221067038649353,22.44879077417083,22.18723102999534
23.65533256530762,22.96346095041661,0.01643416807318831,22.55206580190012,22.27956635772055
22.20266723632812,22.86074101494732,-0.1643249213803174,22.52270566476638,22.27487264713938
22.42266654968262,22.80192107310847,0.02202069183565585,22.51444036256585,22.2836430189438
21.92799949645996,22.68514310580988,-0.06488994332098172,22.46673497057888,22.26309076928994
22.08600044250488,22.60541545840355,0.01597650225178547,22.43620230678919,22.25310964221675
21.99600028991699,22.52461336641421,-0.01270300327527435,22.40136154316289,22.23895666503538
22.32466697692871,22.49818554837804,0.0332525678570746,22.39536442794922,22.24357054649563
22.41333389282227,22.48700080090955,0.008723818300081329,22.39675394522292,22.25251795383651
22.20199966430664,22.44952195738628,-0.03146498669316924,22.38184867484764,22.24990819204327
22.02466773986816,22.39376641165759,-0.02862790048850199,22.35477132903067,22.2384914333968
22.39266777038574,22.39362248889731,0.03720212602964453,22.35761902304293,22.24616633927815
22.63533210754395,22.42523757187775,0.02407344580073547,22.37831826347891,22.26520936142811
23.25600051879883,22.53375320906243,0.06115264184745538,22.44324464279469,22.31290636065379
23.51333236694336,22.66155765146323,0.02458413484099242,22.52185330635725,22.36980354959997
23.97866630554199,22.83322415898986,0.04409245060286054,22.62818043256281,22.44493791674789
23.89266777038574,22.97118537402946,-0.01367101697909208,22.71991827508608,22.51159860968177
25.4333324432373,23.29156024230294,0.1440205047428628,22.91568210390723,22.64432775554891
25.26600074768066,23.54830248239209,-0.02662321849685495,23.0843760160622,22.76190191365688
26.20999908447266,23.89420880477986,0.08338210420291442,23.30764388430219,22.91464790538809
26.93600082397461,24.28931064687244,0.06177664324054236,23.56567082203961,23.0907055092697
27.03933334350586,24.64635652876159,0.008420902669494123,23.81167664103151,23.26164540666798
27.94799995422363,25.07485672561814,0.07498174944620321,24.10348786207611,23.4623500291112
28.35000038146973,25.49977555425698,0.03200439768593803,24.40200364297887,23.66952941891613
28.72933387756348,25.91865819015957,0.02976066888086237,24.70519112364311,23.88189940008665
28.6919994354248,26.27827711006337,-0.005723404927863095,24.98365823576609,24.08188815010773
27.64666748046875,26.45567705868091,-0.1355676452497797,25.16912761040728,24.22876258003508
27.8886661529541,26.64141602962165,0.0194149256656622,25.35802789105313,24.37825074698533
28.68400001525879,26.90612431931958,0.06362966020125918,25.58847669806271,24.55265743855715
29.53400039672852,27.24663392618071,0.0661228759575024,25.86121984017397,24.75282064109923
30.1026668548584,27.61666035687849,0.04291730696694897,26.15378733083495,24.96614558976089
31.27066612243652,28.09001967627194,0.08661997540797728,26.50603211156099,25.21568983563861
32.80933380126953,28.70132609058543,0.1098829620600011,26.93913886921753,25.51413687703131
32.08933258056641,29.14014775200894,-0.08677183236801218,27.29239820103357,25.77080259174122
31.87666702270508,29.49456168380749,-0.02780570844817933,27.60632994708904,26.00759269520933
34.99066543579102,30.20633177318317,0.2182886806359861,28.11124683277069,26.3537778333198
35.86133193969727,30.93863934824487,0.05550137125352145,28.64042648159651,26.71796481931878
34.56666564941406,31.40843665235894,-0.1404547818651705,29.0445422258949,27.0168647916943
34.232666015625,31.77413411019012,-0.04000852989551131,29.39789272576635,27.29012797870194
34.03333282470703,32.06665752803652,-0.02520299116790356,29.71324160839379,27.54412184226266
36.47999954223633,32.6380836148045,0.1606054489676962,30.17309518417848,27.87896566491781
37.97066879272461,33.32851150798871,0.0912306709631212,30.70247618907705,28.25523767524241
38.14666748046875,33.95231956305221,0.01022951989163357,31.20739961755109,28.62227439939266
37.65466690063477,34.43165355353944,-0.05961716185292183,31.64432771997446,28.95588781755942
37.20133209228516,34.79023065184933,-0.05968703546555463,32.02062117337713,29.25908076570881
37.79333114624023,35.17902163540108,0.03544659441099443,32.41122893182353,29.57154892271235
38.732666015625,35.63908145972026,0.05543807658654976,32.83866790551799,29.90558417368769
42.72066879272461,36.5558627851884,0.2300792566355295,33.50642856420676,30.37099255537778
43.37133407592773,37.43818356502375,0.03392016105441338,34.17263003334349,30.84131866522744
52.0,39.32331755936457,0.4446951932834634,35.37587602811116,31.60396779375383
59.13733291625977,41.88836697797888,0.3067575644002976,36.97879389429283,32.59285142602075
48.97999954223633,42.80641728406666,-0.1729355224274928,37.78798216656719,33.17938728937746
49.93066787719727,43.72868464831821,0.04326315589460145,38.60633453985015,33.77696984953067
49.87133407592773,44.52387503238163,-0.001318157106737242,39.36521099040191,34.34928305853047
51.41866683959961,45.41642918660763,0.06923801817947085,40.17687874348676,34.95439702974642
51.62533187866211,46.22018949621962,0.008852515241479167,40.94751953672678,35.54362877799933
51.15266799926758,46.85871082771411,-0.01033539583774281,41.63423030065697,36.09374549765154
53.59999847412109,47.73138428668877,0.1068395135445682,42.43915377368766,36.70901907743504
53.33533477783203,48.45682523642829,-0.005936433554864055,43.17190617145295,37.29180590686426
57.22666549682617,49.59209344093783,0.1629965366860682,44.11680235887547,37.98876322366008
61.16133117675781,51.08974464305371,0.153597023650781,45.26239877404537,38.79690134362206
59.96066665649414,52.23809378024664,-0.02507590938537995,46.25005642060075,39.53321095187388
60.06666564941406,53.25150820099621,0.003818491250650883,47.17825846375092,40.24593585482501
55.58599853515625,53.55370930819597,-0.09485618135717529,47.74297143145748,40.77720471089155
53.32733154296875,53.52440461042792,-0.05533906118605601,48.11797513348106,41.21091158221423
51.91999816894531,53.31671372089804,-0.03852841037955489,48.37324310968434,41.58022407593675
45.26666641235352,52.27463360606034,-0.1484329109858226,48.16470351177895,41.70709836770183
44.53266525268555,51.27243511914738,-0.01979333922226948,47.92092985619917,41.80415528479889
49.57466888427734,51.05265927334479,0.2530153168660886,48.0319081233322,42.07056763104048
49.70066833496094,50.87764414031251,0.005548633066004954,48.14387869507031,42.33169150206139
49.96666717529297,50.75971829372213,0.01183242660423101,48.26616823856331,42.59252454068123
48.30266571044922,50.44165330133978,-0.0434303559092666,48.26861652788379,42.78726958481061
46.89866638183594,49.98301448607624,-0.04049181849168588,48.17672929214944,42.92726011170176
40.53333282470703,48.75975583786021,-0.1522346070094258,47.66411512886387,42.84587704289999
43.02199935913086,48.01700507706003,0.1371457449805438,47.35281659840734,42.85185530093317
42.28200149536133,47.27461086121083,-0.02017185405571872,47.01280114270944,42.83254080564848
37.36999893188477,45.99246257284378,-0.129328784970901,46.36627421293099,42.64765821330224
36.44133377075195,44.75607277367764,-0.02901998982184009,45.70088422399747,42.43789082330392
29.67133331298828,42.80335960850041,-0.1604280442132094,44.62630844368496,42.00696774675186
28.68000030517578,40.97509695875146,-0.03034940110687703,43.55738802401941,41.55770623813428
24.08133316040039,38.788206935643,-0.1354412691026127,42.25194541948687,40.96929641883486
28.50933265686035,37.45761148861679,0.4109962497330772,41.33086069686024,40.55028654301366
28.50200080871582,36.29831200134429,-0.0002655077336369873,40.47106832775525,40.14559034103932
28.95266723632812,35.34742190344367,0.03521934603047112,39.69914416641473,39.77004646289434
33.66666793823242,35.12984914566249,0.3639096317340936,39.29488812726203,39.56548817056789
35.95000076293945,35.23601735460235,0.1515085928019051,39.07074661447386,39.444439782092
35.21066665649414,35.23273571982629,-0.01794252712076421,38.81209311907278,39.30283421469324
34.29066848754883,35.11078560890587,-0.02394836800285398,38.50913691304714,39.13535788031271
33.47533416748047,34.89907728307604,-0.02293127569410985,38.17186169679408,38.94641273513635
34.93333435058594,34.9035118422256,0.09724930924781097,37.95488126111392,38.81256892525407
32.10400009155273,34.54111654783801,-0.0823977785382291,37.56288666643131,38.58902291738789
30.29800033569336,33.99184744506074,-0.06134160903586094,37.07617207255234,38.31298146474976
32.00066757202148,33.73409029157514,0.1256517007070072,36.73614586272605,38.10299258226518
34.41600036621094,33.82236317870714,0.1687603812356592,36.58071514279961,37.980436924163
36.36333465576172,34.15129054430366,0.1265122767777272,36.56615279398618,37.9267258821686
36.58933258056641,34.46689374531082,0.01389611202492657,36.56770557517171,37.88233831879317
38.20000076293945,34.95014238955662,0.09842471139016087,36.67704836624686,37.89287381153611
43.39666748046875,36.04354039067479,0.3041683705309905,37.12716738948819,38.07528367752015
47.32600021362305,37.50404855938727,0.2024486960047819,37.81033147260284,38.38166958543282
48.65533447265625,38.94757632542477,0.0628039492625184,38.53676623252707,38.72171406969617
49.68066787719727,40.33696905298685,0.04711803845268267,39.28321002164822,39.08421216438543
50.25933456420898,41.62141373720529,0.02604315608781392,40.01840450263488,39.45363544786409
49.75733184814453,42.67460379515131,-0.01112961420518193,40.67072068938771,39.79405078530412
45.78133392333984,43.07676827400392,-0.09355004167730699,41.01302650386717,39.99174702281736
48.80733489990234,43.81858691782843,0.1477859608052558,41.53507814378653,40.28267172447877
47.04199981689453,44.23585591270235,-0.04496338699324252,41.90391962438471,40.50561863143418
48.34333419799805,44.76756667501647,0.06185227614095713,42.33521277203491,40.76400146637599
53.25,45.86561291240378,0.2269354989556155,43.06624592761113,41.17541734625166
51.27466583251953,46.56581177799948,-0.04907479167890942,43.61601117958691,41.50802908159152
53.36733245849609,47.4462648119393,0.09125354978382465,44.26910771789745,41.89842504512531
52.12533187866211,48.05196741588352,-0.03220959824635782,44.7952754759678,42.23493253026916
46.75466537475586,47.88403239552827,-0.1369622100747787,44.92650390133471,42.38358561384297
50.74599838256836,48.25451228405849,0.1908734699111954,45.31625668224125,42.65850775000629
51.2140007019043,48.63761639595906,0.02062047960380911,45.71124749730905,42.93966294697123
52.17200088500977,49.09514048057041,0.04182437377107297,46.14394217289811,43.2429413996411
52.00266647338867,49.47151808498384,-0.004269259044984362,46.53631501299739,43.53058502048275
54.62799835205078,50.13902155469935,0.1128784811857774,47.07823156093007,43.89485709401229
54.08599853515625,50.64995550401419,-0.01337476485469615,47.54755365583485,44.22926154244553
53.96066665649414,51.07852519962591,-0.003175405355742586,47.9770487442163,44.5484704134713
52.73066711425781,51.29239404062659,-0.03320945137616857,48.29540377668281,44.81677272348951
53.55533218383789,51.58533010951102,0.03496768585007346,48.64766550737622,45.10322626034211
53.27799987792969,51.80444525817711,-0.007802484731904394,48.95776162506242,45.37111503670086
54.24200057983398,52.11998542227565,0.04045591197521495,49.31164884416389,45.66172777185043
53.86733245849609,52.34617851232454,-0.01087213970920825,49.61674345977666,45.9304672279067
54.37066650390625,52.6082473429367,0.02089216251700804,49.93511320482642,46.20681175877817
55.17333221435547,52.94029613517792,0.03300825849686754,50.28591518772902,46.50030862116245
54.45866775512695,53.13684848636493,-0.0216044034883633,50.56536244349014,46.76073698470056
54.59133148193359,53.32513049106803,0.00544675371957395,50.83497899770104,47.01691889975049
54.68199920654297,53.50077638215528,0.00371348426508376,51.09261085918961,47.26762393597524
53.72066879272461,53.52924133086545,-0.0312905040530357,51.26860940811588,47.47863593936786
55.66666793823242,53.80593000140931,0.08099417620586544,51.56314261743508,47.7463193961559
59.87333297729492,54.59135189944748,0.1689644207846175,52.11966599080379,48.14268747631692
58.77066802978516,55.13236201865953,-0.03502565519138322,52.56507474141837,48.48998488671445
58.86399841308594,55.61542024816011,0.003550708176859634,52.986904572328,48.82891227144994
57.62533187866211,55.87560217667431,-0.04285471671690481,53.29753287611327,49.11624018287065
59.04399871826172,56.28574932440358,0.05504521038670895,53.68236425102852,49.44045882643393
63.32799911499023,57.19736459324472,0.1622281808794389,54.32831569729348,49.89390922753365
62.71133422851562,57.9111448567521,-0.0209260261446772,54.88971121021883,50.31234192174584
68.336669921875,59.26072320413535,0.2005649139198816,55.79022853509549,50.90065279410438
64.85600280761719,59.98502899717539,-0.1097654470095934,56.39734558139979,51.35607479489774
62.35200119018555,60.29143221431639,-0.08799118768384516,56.7961167312351,51.71485874755334
66.05999755859375,61.03816974885437,0.1329662624879562,57.41649935788487,52.18284835140824
65.47533416748047,61.61255818349623,-0.02092433445446433,57.95618210560402,52.61642930419666
66.11933135986328,62.19595743260709,0.02199170030359083,58.50285011246897,53.0568075396325
66.9306640625,62.80886253887619,0.02743614481963289,59.06724169014245,53.50921816495759
66.72666931152344,63.3160204187614,-0.007363484145897003,59.58017580821826,53.94016355328343
66.28800201416016,63.700741762214,-0.01658722312950477,60.02938308187412,54.34270108608857
66.78533172607422,64.1000401955288,0.01677498092262917,60.481812716943,54.74827544830546
64.0566635131836,64.09442510843276,-0.1053860340061751,60.72121173803112,55.05164882931149
65.73200225830078,64.30640854805465,0.05847777991601916,61.05677194933055,55.39969360868837
63.982666015625,64.26450025959242,-0.07346074899743528,61.25271171682318,55.67935690171433
67.29000091552734,64.65614961526768,0.1155761968716294,61.65701359896915,56.05762872950711
71.98733520507812,65.60516746027666,0.1560822410393107,62.34880862044255,56.57655664041331
74.64199829101562,66.77498012094314,0.08243052893357405,63.17205151714175,57.16499501349765
80.57733154296875,68.5616867377653,0.1777705389182714,64.33763734003398,57.92751605586753
91.43866729736328,71.5230989847658,0.3013635311943004,66.15252137780863,59.01883720338291
92.65733337402344,74.25891372168323,0.02977703225491034,67.92747768305598,60.1141984498244
91.05867004394531,76.43363271440418,-0.05079368000181887,69.47651122541797,61.12173968255012
92.9520034790039,78.57192650518313,0.04646751395578742,71.0486011413174,62.15802725278204
102.9766693115234,81.73110671441282,0.2411145599980623,73.18673650902412,63.48682899968505
99.80400085449219,84.07063268048451,-0.09618891850371257,74.96922142000285,64.6689896409897
101.120002746582,86.27766403172109,0.02945992465933622,76.72046683010684,65.85540872780692
103.0673294067383,88.45107675698449,0.04303568477107955,78.48484286616853,67.06649707330092
100.0426635742188,89.95160114099208,-0.09765635236748693,79.92850980161353,68.1396466396846
100.0559997558594,91.2596098499276,0.0002756976393521256,81.27639122749541,69.17822864220679
109.533332824707,93.62513299551046,0.211762820756994,83.16867883701663,70.49131868246431
104.5573348999023,95.04030037397482,-0.1489925489062259,84.60101651204249,71.59969416701938
106.1553344726562,96.4791352770004,0.03414998046824438,86.04444786784151,72.72392379557576
100.8713302612305,97.04770244360495,-0.1592547104595621,87.03736185632245,73.63960846930907
94.46666717529297,96.71358888200791,-0.1815582059056655,87.53488115743635,74.31710629883639
102.6399993896484,97.48075938390033,0.1934295929668743,88.54642753809779,75.23838468847153
98.43267059326172,97.60398375374461,-0.1248422639061891,89.20848075974405,75.9927964482229
99.94066619873047,97.9064659800046,0.03423180444985466,89.92718422631548,76.77167427981773
99.16600036621094,98.0695119968085,-0.02256852165311057,90.5458809992719,77.49998428898272
95.38400268554688,97.72187432920204,-0.1181527635202223,90.86987597215438,78.08157839942226
99.0,97.88732697732387,0.08476276480613847,91.41432674186032,78.76181684803366
99.13333129882812,98.0486215348734,0.003011268445121968,91.93124599227468,79.42423723165894
99.00133514404297,98.17194977492068,-0.003815465999442884,92.40470923100814,80.06079453304018
99.30533599853516,98.31866598313566,0.006865723523977165,92.86682403448854,80.68650910178118
96.84733581542969,98.12820312172052,-0.07584110137961,93.13338725482517,81.21193617574328
94.57133483886719,97.66776852607491,-0.07688617576254356,93.22968238853967,81.64626295017811
91.6259994506836,96.88566492257007,-0.1089276933956731,93.12228845050721,81.97069982531616
103.6506652832031,97.76139040855605,0.29343157805612,93.8273428971183,82.67547689722181
108.0666656494141,99.09540248356421,0.09525977795191673,94.7809084335709,83.50086621612452
110.0473327636719,100.5131236891449,0.04098003238386382,95.80325589030703,84.36377666427815
122.3759994506836,103.343260641204,0.2504892823216764,97.58275415284824,85.5993428410708
125.8059997558594,106.2510495664233,0.06266866814478278,99.47278158955467,86.90619054201063
125.2353363037109,108.7085547907908,-0.01524174867271699,101.1980237541187,88.15196933798158
133.4553375244141,111.9120118758923,0.1467565703040199,103.358200662357,89.62437527891532
136.6653289794922,115.1163148315065,0.05377996142660507,105.5886804698309,91.15320437928133
134.2799987792969,117.5970429237196,-0.0621260123678722,107.510053080709,92.55477897653556
134.8893280029297,119.8355194865465,0.01014596213017213,109.3435619772508,93.93056420229033
143.5446624755859,122.9046546912098,0.1434692480832293,111.6339082508522,95.54287181261974
149.25,126.3150448012022,0.08886829576530748,114.152946295687,97.28814030741897
147.5599975585938,129.0651919684473,-0.04167373284802134,116.390117334658,98.92173070273735
166.1066741943359,133.8601909772657,0.2810282757260477,119.7194874660447,101.1048552480495
158.3500061035156,137.0303837503411,-0.1615187276606632,122.3064584939254,102.9649452368041
149.1233367919922,138.5958097096693,-0.1770778796840554,124.1023051016988,104.4647508692027
135.6666717529297,138.2166344511414,-0.1923205349017268,124.8767363389942,105.4785573478328
139.4400024414062,138.3749987483627,0.06218766566168386,125.851994935846,106.581999712635
110.0699996948242,134.7109325649782,-0.1788994733440231,124.7951216918704,106.6953258432158
122.0933303833008,133.0775910700064,0.2442352724130147,124.6141907728905,107.1956004342828
123.7799987792969,131.8740229852717,0.03088803816115416,124.5583274197773,107.7344089490361
124.2399978637695,130.88580273351,0.008309196917358305,124.5370098378542,108.2706459562814
139.8733367919922,132.0492339547374,0.2813473741881733,125.5640379479302,109.2973402320943
149.9199981689453,134.3625943157345,0.1605977243992143,127.1950839987397,110.6170456996758
147.2533264160156,136.0312923248165,-0.01577015278375571,128.5383246855934,111.8072237401648
141.1433258056641,136.6930421793236,-0.0392916137394108,129.3824440178697,112.760228570093
147.3833312988281,138.076894084045,0.09885011603225057,130.5879097427753,113.8849658033065
149.7966613769531,139.5940113584125,0.03661178599351193,131.8742625293739,115.0515434218685
141.4100036621094,139.8290905391846,-0.05681985513604471,132.5128426575394,115.9077738279709
126.7866668701172,138.1407561419705,-0.1072231047491163,132.1293777553263,116.2611590856366
129.2633361816406,136.9915791287221,0.04367641623974163,131.9374475064212,116.6835097029733
135.7799987792969,136.8347407349675,0.1127203771990934,132.1947716932797,117.3038130675693
140.3999938964844,137.2962607484326,0.07607785761745196,132.7442509243218,118.0540259897423
139.6900024414062,137.6061292622026,-0.005292581185962516,133.209387161532,118.7567986101437
143.0033264160156,138.3047933935435,0.05303360335077772,133.8652580226041,119.5443557044095
149.3866729736328,139.7393364628062,0.09980558432578521,134.9046808201573,120.5136583232099
138.3633270263672,139.56121281636,-0.08208327181216521,135.1362960247159,121.093422711905
141.8933258056641,139.8631035291552,0.05704349375038667,135.5887941222137,121.7690036673133
137.9933319091797,139.6210626461844,-0.03212541142794419,135.7498188334986,122.295963719472
141.7666625976562,139.8988093512943,0.06113913989668182,136.1527488816822,122.9283574537398
141.9733276367188,140.1673545747744,0.003259458508448442,136.5425356473026,123.5469170154614
144.6666717529297,140.7497886490387,0.04241677458066231,137.08658476322,124.2328559636576
147.4333343505859,141.6149698752886,0.042760253078942,137.7794756596068,124.9863660123941
148.8833312988281,142.5558551673259,0.02198993565760315,138.5230676834139,125.7624889564566
153.7666625976562,144.0070878741778,0.07333692049084911,139.5438856705003,126.6719965592656
149.6266632080078,144.7345387356571,-0.03314739795865867,140.2190991423022,127.4175014566287
146.5566711425781,144.9704127493329,-0.0264401211132055,140.643507393637,128.0390838063126
143.6100006103516,144.7943081642567,-0.02720977546767203,140.8421645759071,128.5447756667333
140.6466674804688,144.2573984140903,-0.02944555229585319,140.8290727198983,128.9378017440449
140.8800048828125,143.820196723939,0.003709432480937401,140.8324834945717,129.3256385271817
141.9299926757812,143.5755108746496,0.01666431437709036,140.9059804029774,129.7349761804496
140.2100067138672,143.1398482568118,-0.01802163907904063,140.8593731259959,130.0751595387692
140.0933380126953,142.7454792217983,-0.001263891197752375,140.8080740449994,130.4005039176792
141.5599975585938,142.5920192882737,0.02340800426628009,140.858428114288,130.7629103636179
135.3399963378906,141.653249002383,-0.07107077315164986,140.4888752400348,130.9115509730613
136.9433288574219,141.0435524926976,0.02648805069289868,140.2514406013595,131.1074313036669
129.3466644287109,139.5293969216262,-0.0938861509621763,139.5211803514538,131.0502512547652
133.5033264160156,138.7493254891371,0.07185252496406705,139.1181826700239,131.1299131776568
141.3000030517578,139.0795092628316,0.1305779943343042,139.2642926560241,131.4601778167352
140.32666015625,139.2409522434693,-0.01196647355665568,139.3354362303256,131.7481072624482
146.0299987792969,140.1197904932886,0.09087439379495928,139.7837510626262,132.2118936338653
143.3166656494141,140.5336241814616,-0.03422778152559517,140.0203397863311,132.5725050775692
140.4199981689453,140.5189153581465,-0.03963262382067718,140.047103712904,132.8273397298362
136.7866668701172,140.0357778937322,-0.05433217628076362,139.8287620091128,132.9559118145756
139.0433349609375,139.9073067151212,0.03688726698053795,139.776164308848,133.1535890329436
137.2533264160156,139.5637504603788,-0.02839105619489177,139.6072174008815,133.2867193815908
136.1666717529297,139.1240005352608,-0.0181484427075496,139.3768143495172,133.3802393402939
136.0299987792969,138.7234837507905,-0.002347453005090408,139.1526881212317,133.4662839134087
147.2033386230469,139.8211961873347,0.1836542031716554,139.6918161052688,133.9123598167148
162.2133331298828,142.7198457011436,0.2279898071999821,141.2000147362424,134.8313580332283
166.42333984375,145.7882496658176,0.0580294959569391,142.8891453724089,135.8572187226564
163.2033386230469,148.0426231214788,-0.04847807843147674,144.2495261314287,136.7452034772269
173.9499969482422,151.39631806983,0.1472302198507114,146.2384778224576,137.9533150051612
185.1266632080078,155.7626922477945,0.143661506228005,148.8427032750911,139.4851190816582
191.3333282470703,160.3672910410993,0.07496212560633618,151.6881733302464,141.1687183183287
195.2533264160156,164.8832686692137,0.04580868195732551,154.6056013181257,142.9249311188009
189.1999969482422,168.0310554474152,-0.08233069730626955,156.9222845123165,144.4275506751813
194.9199981689453,171.51181393628,0.06759702060773425,159.4668777338213,146.0671094956598
189.6066741943359,173.8541834039207,-0.07735074757818508,161.4852497454869,147.4808942555934
197.7933349609375,176.9530930881452,0.09653965274162665,163.9166936032776,149.1145978968972
199.6799926757812,179.8950774377903,0.02132720879833984,166.3116547621845,150.756510416509
213.9199981689453,184.2995842603323,0.1594513361482095,169.4998431070247,152.8074906622955
216.6266632080078,188.4843064203906,0.02829017834016615,172.6557852758839,154.8797559217796
201.4933319091797,190.1683174419807,-0.1639066667004725,174.5869495100799,156.3933361301688
209.0233306884766,192.6090882857837,0.08355775931421441,176.8930509451836,158.1022698658868
203.3300018310547,193.99690450517,-0.0684652677060475,178.6634544626867,159.570843149995
213.2766723632812,196.492659594184,0.1093777099747321,180.9813981234016,161.3147014425174
211.0833282470703,198.381413432433,-0.0266526489111894,182.9972343365065,162.9307127948384
207.5899963378906,199.5734593023855,-0.04541053000652053,184.6441380404487,164.3808180239699
218.6333312988281,202.040748995973,0.118945052408421,186.9202926367305,166.1424154972946
231.6666717529297,205.8758080086936,0.1332882683936505,189.9168237902358,168.2700057770051
216.6199951171875,207.2666369777291,-0.1583326393353785,191.7050552930062,169.8399397604356
213.4466705322266,208.0666388401699,-0.03726561477177404,193.1610262266522,171.2558563677484
215.32666015625,209.0064445099946,0.01969330583903322,194.6453924234317,172.6868387465254
220.5899963378906,210.5059287691459,0.0546532338128729,196.3828249353376,174.2422550615533
221.2299957275391,211.8941531960845,0.006487035945250254,198.0467656338454,175.7679450353803
221.9966735839844,213.2019187695876,0.00774856832799459,199.650619323836,177.2689873106594
231.5933380126953,215.5826776307927,0.0966554617598345,201.7897276386024,179.0328906781998
235.2233276367188,218.1251487105578,0.03504546924206567,204.0286758145768,180.8573826152308
243.2566680908203,221.3784097378453,0.07636042578854017,206.655657107464,182.8834714003182
245.0366668701172,224.4409577970134,0.0163609119983041,209.2259185150098,184.9015666347729
251.9933319091797,228.0075971056878,0.06347790345988526,212.0899242517474,187.0800125116087
272.0133361816406,233.7041152408076,0.1776346460650012,216.1028158882426,189.8377635471486
293.3399963378906,241.4239464561643,0.1753013293742606,221.2751588082655,193.198434999593
270.3966674804688,245.1744488725391,-0.1672152586631782,224.5646792971276,195.7050239212578
283.1466674804688,250.0899311817321,0.1054293206369384,228.4877397976905,198.5442077364501
284.8033447265625,254.5835630111791,0.01308214658104516,232.2590273914543,201.3449926935489
281.6666564941406,258.0894542067468,-0.02409347891719893,235.5677085092609,203.9529881339954
275.3866577148438,260.3285674574223,-0.05184636254428016,238.2342644188651,206.2723931117015
281.5166625976562,263.0713544381537,0.0497703257629618,241.1327571451865,208.7155230373363
283.4833374023438,265.7136741348772,0.01561999918323156,243.9688488127614,211.1431801354076
281.663330078125,267.7783481123512,-0.01514416006432647,246.4931354595655,213.4329162043994
282.2133178710938,269.646946816458,0.004365915228121756,248.8852092182127,215.6661616721723
293.6000061035156,272.7476568485021,0.09021369752351052,251.8796254005807,218.1966097095012
294.3633422851562,275.5457951522451,0.005813160929110485,254.7246328295535,220.6696787026287
288.0533447265625,277.1648903991863,-0.0539823926797398,256.9565569618247,222.8575669692756
278.4766540527344,277.3346974652267,-0.08929886827663801,258.3976934862,224.6634681023137
264.510009765625,275.6745488666102,-0.1353111997539654,258.8070170223092,225.9572479183316
279.9366760253906,276.2262788264746,0.1304014830496969,260.2220070759003,227.7099078224896
290.9299926757812,278.1296663017223,0.08780545427421467,262.278429007872,229.7626012592111
284.8966674804688,279.0056507924855,-0.05919714185203563,263.7931047753754,231.5527482849343
283.3299865722656,279.5654336232965,-0.01556731815139828,265.101431304243,233.2339012443267
284.07666015625,280.1494093568309,0.005892380777417779,266.3721456155756,234.8847114170606
287.8066711425781,281.14063758169,0.02935804390675868,267.8075516681674,236.6030297993646
283.1533203125,281.401178227457,-0.04833706292483068,268.8352118869939,238.1144659815957
268.2733459472656,279.7017877336432,-0.1501350450676118,268.7975854058479,239.0936906329995
270.5533447265625,278.5175269396591,0.01900245210889707,268.9151633551522,240.1151492870804
272.0400085449219,277.6790158322214,0.01228605408220039,269.124424889446,241.1517119688203
265.4066772460938,276.090368515208,-0.07446428617872312,268.8754584515225,241.9392417263075
266.0499877929688,274.7906468864216,0.005419527006173141,268.6862451339995,242.7220884008086
262.4599914550781,273.1944504866446,-0.0426530780153684,268.2692915511497,243.3629538053523
260.4333190917969,271.5425292158774,-0.02468205064419587,267.7445399171006,243.917207240523
238.1666717529297,267.22204326779,-0.1842880573903538,265.7637985692643,243.730494636091
232.9466705322266,262.7851155743559,-0.05019421297833328,263.5661336781016,243.3803577040617
247.3399963378906,260.7857535893713,0.138152009604465,262.4795178014368,243.508922026232
227.4066619873047,256.4648489837967,-0.160821604603945,260.1307935691465,242.9861028130605
225.1666717529297,252.4133175714029,-0.01999150914584024,257.7893509274257,242.4075295827974
239.4766693115234,250.7386757413253,0.1420980143724284,256.5630054225985,242.312368489945
228.8133392333984,247.9004532808312,-0.09599960200921442,254.7046932919546,241.8740733479411
217.7333374023438,243.9953371233805,-0.1101971152990058,252.2288321890739,241.0902567753771
207.1466674804688,239.2252975948184,-0.1170153759381212,249.209814483351,239.9881554530072
199.3166656494141,234.0591476698635,-0.09749343276336031,245.868619562986,238.6676090405484
187.6666717529297,228.0536677951183,-0.1537855522398766,241.9710092312552,237.0116805395515
224.5266723632812,227.5971002232098,0.4391579450758173,240.8028141765379,236.6063100823893
222.6866607666016,226.9614466015834,-0.02047188967870515,239.5896295777708,236.1543590289833
233.1999969482422,227.7690234298071,0.1055598846620267,239.1617349953781,236.0584351616401
231.2433319091797,228.2187707053974,-0.02063775663078025,238.6314632288732,235.902095769576
235.9799957275391,229.2234569126457,0.04579899011718318,238.4539023822663,235.9046250669768
225.6266632080078,228.7578539936403,-0.1141702660775794,237.594900547901,235.5709148213994
233.9366607666016,229.4282476131983,0.08234989193607738,237.3499191735001,235.5178530213302
217.7200012207031,227.9126217128996,-0.1683401034372395,236.0353622917923,234.9399833962144
218.2899932861328,226.6669778834439,0.005853599974270903,234.8470080153816,234.3993832759815
223.3333282470703,226.2354388158473,0.0516578758295655,234.0759713248788,234.0400852221434
220.7200012207031,225.5214685259805,-0.02823113256519353,233.1815619618611,233.6076023743954
210.0899963378906,223.5238731437207,-0.1224144632949283,231.6351888912646,232.8440217073561
213.4633331298828,222.2215419059926,0.0359010282625403,230.4182740726799,232.2147605732578
206.2366638183594,220.1523084417684,-0.0920972660783944,228.7989039740999,231.3712919502294
203.7633361816406,218.0307652145394,-0.03235433640287473,227.1223468938371,230.4749045336847
211.8733367919922,217.2336895736962,0.08899126952265918,226.1011663052777,229.870940674485
222.6433258056641,217.9339639366974,0.1136557761287507,225.8696050712728,229.6362713561772
220.5833282470703,218.2769226542985,-0.02485622353370284,225.5155989264434,229.3423365546616
230.3500061035156,219.8397765060785,0.09899807184172646,225.8393447127885,229.3750539908674
230.5399932861328,221.2249135408659,0.001844117683952636,226.1541330855854,229.4128777195156
223.6566619873047,221.5397020074629,-0.08596229817547905,225.9868849174086,229.2259825728207
227.9333343505859,222.3673541127719,0.0427539947260699,226.1172328130746,229.184012353862
225.67333984375,222.795312103398,-0.02881513154246926,226.0875066288408,229.070026456408
233.9933319091797,224.2448894594553,0.08243188173296337,226.6169360973019,229.2298782489545
254.1066741943359,228.110480672358,0.1921911214631774,228.4578416211104,230.037587581624
244.07666015625,230.1772936128608,-0.1203736064741976,229.5037871741452,230.4934134900945
246.2833404541016,232.2622123039857,0.02021462660087133,230.6274636606598,231.0060867198701
246.5933380126953,234.1173684543106,0.002814335028301245,231.6966505035211,231.5121793240538
238.2100067138672,234.6471581716429,-0.1106978726774531,232.1328304839855,231.7296468138138
239.663330078125,235.2964987993468,0.0136412702290332,232.6371255140409,231.9872404840853
248.0399932861328,236.9461369823002,0.0781487477245905,233.668609490497,232.5084469412894
239.8966674804688,237.3280814932657,-0.1143833597090008,234.0856839026226,232.7483302678603
243.1333312988281,238.0795678105211,0.03016657022505874,234.6915777823788,233.0855140676175
246.0666656494141,239.1134931266645,0.02697550759437784,235.4533333878431,233.5069905277927
234.913330078125,238.5697843859666,-0.1611046789090869,235.4171709816309,233.552652034841
231.4666595458984,237.6502888765825,-0.05226446220608249,235.1526170488793,233.4849233347057
225.6666717529297,236.0990163902507,-0.09512048474946169,234.5173716699621,233.2310777622169
236.4799957275391,236.1483339508585,0.1071382008963451,234.6488027318363,233.3365646914538
228.3000030517578,235.1323719369043,-0.1397083043579065,234.2236426099282,233.1730359809225
224.5333404541016,233.7603332818489,-0.06779114537165391,233.5747120634464,232.8925195837444
223.6466674804688,232.451124940849,-0.01489865761259312,232.9098606178336,232.5923223305154
221.1799926757812,230.9920832181211,-0.04245282544301142,232.1243464520843,232.2217832335048
224.1233367919922,230.1029278623969,0.02975416442341264,231.5885427704617,231.9588403597653
209.6799926757812,227.4591904066498,-0.1899426480235024,230.1213927108521,231.2354838796857
205.7333374023438,224.6467909733311,-0.05853917030943796,228.4881976046034,230.4074724141542
196.6300048828125,221.0200337956605,-0.1404791088262029,226.3547497429776,229.3107753935215
190.5633392333984,217.0774318407137,-0.1049559652698055,223.9579060524692,228.0527120313802
196.5800018310547,214.4240510720862,0.07059417408250415,222.1244897087665,227.03084673022
192.2766723632812,211.557085373764,-0.07875891258004636,220.1256706719809,225.9024379611948
192.6233367919922,209.1061222851608,0.004031208319115,218.2839216462797,224.8219223821086
187.8200073242188,206.3506466938529,-0.09581141156635363,216.2438444380499,223.6205334789836
195.5933380126953,204.9581191446273,0.09253751835382094,214.8609417994924,222.7105384351066
193.6266632080078,203.4912685565971,-0.03813053892214873,213.4389456853452,221.7662348712921
202.1466674804688,203.3172107047009,0.09838461927663164,212.6827355952298,221.1292211969742
201.5633392333984,203.0901730306898,-0.01038135942734339,211.9381028849607,220.4939506356642
206.3766632080078,203.5156073328764,0.0533932193668931,211.5656699070464,220.0355866024108
210.2833404541016,204.3916865731812,0.04232524735032004,211.4797961397183,219.718947967575
208.4066619873047,204.9114228789194,-0.03291592030587183,211.273997538925,219.3516575470623
207.9666595458984,205.3069215444568,-0.007690224984633781,211.0525150075552,218.9820063126657
201.7066650390625,204.8408703678441,-0.1139757632149168,210.426651393619,218.4211058284974
190.9466705322266,203.0422740256723,-0.1714539382321432,209.1221353504106,217.5290584279289
199.6833343505859,202.6074611768101,0.1023024636611881,208.4900470839725,216.9496386575017
201.7100067138672,202.4912862021147,0.02269312385079361,208.0360080631267,216.454834211127
201.1966705322266,202.3236989328997,-0.008068340475455916,207.577998088812,215.9594280942095
199.5933380126953,201.970255249781,-0.02619014730414768,207.0432892899188,215.4280495518057
203.3733367919922,202.1518833650698,0.04234461379860571,206.7975235499305,215.0366539657132
203.2966613769531,202.3000742338591,-0.001239209709694993,206.5630812831641,214.6554768128388
205.8966674804688,202.7656512036857,0.02859543312396631,206.518453544399,214.3710935098664
199.7866668701172,202.3800233597556,-0.1015737564293661,206.0676459292098,213.8975625651253
201.6233367919922,202.2820707097972,0.02055498529905465,205.7700238416046,213.4990398360185
205.5333404541016,202.7029457467698,0.04335996513796484,205.7541738631906,213.2404074628109
207.7700042724609,203.358873618666,0.0243316180120193,205.8891679952686,213.0627930134453
206.9433288574219,203.8228793302132,-0.01394578898467878,205.959761994646,212.8641046934978
207.9033355712891,204.3510920921153,0.01037230783679356,206.0899173028019,212.7030371841855
218.8566741943359,206.2288315243096,0.1177979181060435,206.944868819605,212.9028350240567
226.6066741943359,208.8667317791847,0.07917616554545844,208.2615611065365,213.3477747198607
223.9566650390625,210.820115139575,-0.0436475920456026,209.3126152644168,213.6922268278704
229.5733337402344,213.247708723815,0.05607475362786928,210.6694149700575,214.2078585697716
226.9199981689453,215.0175788909395,-0.045962442547603,211.7576679126694,214.6205994786488
226.5666656494141,216.5126016662682,-0.006287311026951224,212.7493821894376,215.008467314474
225.9733276367188,217.7372873139527,-0.01093261298056971,213.6349502561226,215.3644771063894
226.3000030517578,218.845726042867,0.003232301238512274,214.4830909538748,215.7195344534956
219.8600006103516,218.977023314291,-0.1181085960106814,214.8431665083459,215.8539681241439
214.8833312988281,218.4470971888501,-0.0986985967916262,214.8458562242101,215.822453250396
217.6033325195312,218.3378723276962,0.02830211744672168,215.0305161626159,215.8802752725696
218.9833374023438,218.4214274180214,0.01417971947261746,215.2952247760303,215.9810262478825
228.5666656494141,219.7347227923018,0.09784932893776903,216.183973469317,216.3896598376408
222.8466644287109,220.1375618841903,-0.1135196676693486,216.6301539511824,216.5993074229541
217.7933349609375,219.8341030294691,-0.1088658365303294,216.7080487037069,216.6380753967968
216.8666687011719,219.4499703272153,-0.02044083139900064,216.7186710104196,216.6454974191454
214.7400054931641,218.8402680325523,-0.04973579603097864,216.5861656999797,216.5836294504773
215.4066619873047,218.395789664132,0.006941314343883375,216.5071778648706,216.5454153894191
220.1666717529297,218.6250293529958,0.04940845468735614,216.7522432230433,216.6629912049516
218.4299926757812,218.5997819649938,-0.04188476934171474,216.8645970848439,216.7203626292788
216.4199981689453,218.3176101804591,-0.05172729337094206,216.8348236254802,216.7106103246508
214.4600067138672,217.8182455846818,-0.05395522611559725,216.6757892412617,216.637537193317
219.2066650390625,217.9979757009601,0.04948735180326071,216.8452744222323,216.7209522436971
214.9266662597656,217.6003964238542,-0.1213465078426315,216.7167909731789,216.6626949429747
215.6600036621094,217.3492136738621,0.007628973240240018,216.6460210883747,216.6301393263352
225.7833404541016,218.4410066346531,0.1049558464292828,217.2579200316702,216.92732761195
229.0666656494141,219.8164922087214,0.0325143115874884,218.0487163993934,217.321470487273
236.5566711425781,221.9834989420312,0.07310932936332785,219.2881387613166,217.9460034865831
236.5800018310547,223.8730080188618,0.0002205184406286971,220.4461231018522,218.5510165007937
236.9733276367188,225.5688370140342,0.003717294491830788,221.5529005478116,219.1491563978822
238.2100067138672,227.2052293109556,0.01166836764177698,222.6683771174062,219.7680285267239
233.0333404541016,227.9596750154835,-0.1387645950729267,223.3624877048954,220.1987297599698
237.9199981689453,229.2490332370877,0.04688634916047629,224.3373606313444,220.7741080183376
236.663330078125,230.2088097867153,-0.03395935476755206,225.1627939316041,221.2900029648021
235.9400024414062,230.9507094475064,-0.01952224226392766,225.8845113450896,221.7656625401109
240.75,232.2192220896243,0.04558225794710195,226.8800086496525,222.3820503984916
239.0566711425781,233.1043260180206,-0.04722552344509143,227.6954433098697,222.9234458351895
228.7233276367188,232.5372082453605,-0.1902256748494914,227.764277648285,223.1117577350099
221.9033355712891,231.1606594177212,-0.1316552284487931,227.3717878906125,223.0725224058868
229.663330078125,230.9668309781503,0.07818980705844678,227.5252456156774,223.2865142654258
224.4900054931641,230.1284095674895,-0.1056750348259385,227.3219846647053,223.3255894951045
226.7533264160156,229.6915069547025,0.02254247961941674,227.2839033229526,223.4368820440391
235.4333343505859,230.4347832767505,0.08558920914815854,227.8296463395503,223.8263856073205
236.163330078125,231.1763404333202,0.006932740158409872,228.387728209001,224.226944345137
237.0666656494141,231.9388397145462,0.008552423656052377,228.9689306860247,224.643827353179
233.7200012207031,232.1694100681968,-0.07051228754491526,229.2870956667297,224.9385146401006
237.3066711425781,232.8344256204762,0.03431216241423075,229.824142645492,225.3400867685747
243.6366729736328,234.2327704554783,0.05964121008986917,230.7491264808748,225.934144501824
245.2400054931641,235.6576508307739,0.01471409307975052,231.7195372983299,226.5609715948746
244.6966705322266,236.8277468394822,-0.01076771168925314,232.5885770894322,227.1498055960234
244.1300048828125,237.7730200298576,-0.01124485756131419,233.3614719821488,227.7011225681153
244.5233306884766,238.646843942192,0.003602332855832331,234.1089482686004,228.2473098438384
250.9733276367188,240.2425003129881,0.05897823403504687,235.2383053044717,228.9851833492737
251.2899932861328,241.6725920553517,0.002821148482635664,236.3132388293882,229.7093809783784
251.6199951171875,242.9602777783727,0.002936254618938238,237.3382865072572,230.4207797650543
245.42333984375,243.2791197753025,-0.1223339630812223,237.8797183424675,230.9078862840138
247.6666717529297,243.8470859073153,0.02043761576374283,238.5351213343348,231.452014324014
248.163330078125,244.405821283903,0.004483763629288803,239.1798936707656,231.9946011039232
251.9433288574219,245.3815473934462,0.0340570172565848,240.0346227429298,232.6423009058567
252.3300018310547,246.2810209063572,0.003431575141234568,240.8580074983824,233.281525626808
253.163330078125,247.1719319518645,0.007384137421110455,241.6820581397224,233.9270525420409
243.3899993896484,246.6823629120335,-0.1681636810961902,241.7964338558608,234.2342976352315
246.4600067138672,246.6535790274333,0.02820260599041673,242.1087393789116,234.6312447142069
250.6466674804688,247.1704820783875,0.03798165413713018,242.6804988823467,235.1512370696033
251.2133331298828,247.6938268696812,0.005054957520845667,243.2519172656165,235.6727448220091
258.1300048828125,249.0447842348224,0.06156119448386867,244.2482582849934,236.4018921967782
263.7866821289062,250.9531146131576,0.04899767450215999,245.5566880799061,237.2910277173718
259.1866760253906,252.018944500038,-0.08138824812027592,246.4694475980046,238.0019405502651
260.4366760253906,253.1086151043193,0.01078325558595051,247.4047911023087,238.7303565840527
258.4933471679688,253.80566563676,-0.03572566358867744,248.1473585302024,239.3720258021114
258.4066772460938,254.4012639978563,-0.001555302210696441,248.8343944134761,239.9900471393902
260.510009765625,255.1920376964611,0.01819938711613755,249.6162754455764,240.6562938916114
260.1966552734375,255.839882622719,-0.005599166967454355,250.3248118310526,241.2907347288735
260.9166564941406,256.4970681406475,0.006187056489188801,251.0341159822464,241.9279535580283
264.5366821289062,257.5377916427442,0.03102147183634711,251.9383424436646,242.6620188254251
261.8299865722656,258.093413858594,-0.05089438464306675,252.6007562597395,243.2843686974025
263.9800109863281,258.8554305408818,0.01836016441925979,253.3627909073198,243.9563194469846
268.5733337402344,260.1134076359808,0.03890527397883665,254.3813954579414,244.7555901791613
270.3599853515625,261.4398213494053,0.01487406049356715,255.4514338225774,245.5869194127841
272.7733459472656,262.9069397244679,0.01995870510123158,256.61143045843,246.4696143927029
281.010009765625,265.2503719439065,0.06751526359942278,258.2453303253849,247.5910796758222
290.0366821289062,268.4589458353223,0.07182215757259588,260.3743020506676,248.9692129876492
288.0899963378906,271.0001742647851,-0.03523666265112638,262.2303391845633,250.239395326659
288.6000061035156,273.2784625823917,0.003958246824478132,263.9962368922963,251.4848962100496
298.0,276.4786516755548,0.07282555343902676,266.2733671841103,252.9951589919046
303.2266540527344,279.9411655162347,0.03921570703774604,268.7480182585842,254.6260863926702
341.6199951171875,287.9254552646324,0.2831007965096578,273.6280365496039,257.4506240458108
339.4766540527344,294.5987289091617,-0.0347682468652081,278.0377214752256,260.1138634986574
345.9533386230469,301.2465542087716,0.04265749921446744,282.5858271835467,262.9009187339639
359.0133361816406,308.724431595355,0.08440693448171215,287.7039488254428,266.0215181479639
371.3333435058594,316.8291199748124,0.0767278347399937,293.3043592067779,269.4408059849261
402.8633422851562,327.9662015901425,0.1898508579082775,300.6411965538064,273.772798648365
390.6666564941406,336.0827401585418,-0.1514239109076401,306.6699322915336,277.5681344878194
404.6199951171875,344.9548492061684,0.07985908802790102,313.2293549777494,281.693282620372
409.9700012207031,353.3710240116667,0.02956374822698981,319.707786653436,285.8581997085752
407.3633422851562,360.3602991985063,-0.03329982412551092,325.5778169892712,289.803255751788
387.6466674804688,363.8925042023009,-0.179026224683882,329.7343822254159,292.9800574411973
341.1666564941406,360.9506560178614,-0.1820287357210555,330.4999674331232,294.5445906721461
355.9833374023438,360.307639421154,0.09710395229080322,332.2065124855226,296.5393975830989
354.5033264160156,359.5562743721858,-0.006564955543264436,333.6996634127082,298.4213833304429
344.4733276367188,357.603795413445,-0.04788241806338245,334.4211434759771,299.9166081101415
337.7966613769531,355.039773069703,-0.03502259841839526,334.6471918118194,301.1465061109622
351.57666015625,354.5914750538146,0.091210825073779,335.7809076617183,302.7838835754558
363.0033264160156,355.6803844742883,0.07266948207824057,337.6039116088259,304.7391018450174
365.4599914550781,356.9463490891368,0.01513170614315924,339.4693499436412,306.7106011978302
379.0199890136719,359.803769343372,0.08296068506703722,342.1179379249687,309.0583584862054
385.6233215332031,363.146095830292,0.03895413909544711,345.0313633172557,311.5442867354064
369.6766662597656,363.9914744937424,-0.07906584560069896,346.6817855279847,313.4317417613936
372.0,365.0281736093561,0.01405212869074957,348.3772706108052,315.333348992684
360.6400146484375,364.4601289036981,-0.06256346145019039,349.1984698945553,316.8043758859567
378.9966735839844,366.3418764241819,0.1138078672883999,351.1939664532132,318.823649232748
381.586669921875,368.3153063551252,0.0152797521561895,353.2292748836184,320.8614529388121
365.0,367.8861418149534,-0.09388894883270144,354.017525132105,322.2945530943271
361.5333251953125,367.0637732820579,-0.02118160489167809,354.5208357785455,323.5685662665097
338.3233337402344,363.343339572747,-0.1372629239173303,353.4361375224634,324.0476273352829
336.336669921875,359.847341399194,-0.01270785330373468,352.2910373309387,324.4466307002619
350.5833435058594,358.6481220902759,0.09470912235687637,352.176678184102,325.295243297882
356.3200073242188,358.3467489452278,0.03658648434962675,352.4541445416939,326.3025622277354
334.6000061035156,355.2727464608164,-0.1301910008139137,351.2585063018014,326.5719654784074
339.010009765625,353.1675443563605,0.02946901118726294,350.4382611306019,326.9758066626363
322.1366577148438,349.1506135601943,-0.1114079186135713,348.542987415137,326.8186880999895
319.5033264160156,345.3127889395823,-0.01837803367687269,346.5982881912406,326.581171312482
325.3299865722656,342.7260264293683,0.04077527158427067,345.1740136567249,326.5405475685384
308.9733276367188,338.3567585834243,-0.1174804685271898,342.7497620096498,325.9701711716886
310.8566589355469,334.7968861747061,0.01362882113207702,340.6139763061688,325.4794623013126
299.9800109863281,330.2898612937814,-0.08762395100362225,337.892841206702,324.6515404557475
312.8433227539062,328.0314167073622,0.09587669107606876,336.2153498924747,324.268148622453
336.2900085449219,329.1004867687015,0.1675741910784194,336.220349559085,324.6584770385979
355.6666564941406,332.5394624750391,0.1288300699313343,337.5226105601827,325.6652574907752
364.6466674804688,336.6957220771278,0.05645290222676043,339.3390275095196,326.9309145608533
362.8233337402344,340.0779266893346,-0.01225122021491647,340.9117012436241,328.0962775913002
362.0633239746094,342.9239239836243,-0.005065550754619536,342.3281621420602,329.1991271900964
356.7799987792969,344.7175850608509,-0.03720106736426011,343.2959584084547,330.0946290483052
352.260009765625,345.6939476902652,-0.03395889665968353,343.8962541115548,330.814299547049
399.9266662597656,352.7143425600069,0.302554701058753,347.6484431960802,333.0582552018932
383.1966552734375,356.6602607701919,-0.1152728546070456,350.029000615116,334.6861598978972
362.7066650390625,357.4429643968811,-0.1432888820781321,350.8779858758879,335.5959358744386
354.8999938964844,357.1137782980501,-0.06126578545702356,351.1473277210422,336.222704312182
342.3200073242188,355.1987329787615,-0.1074042751966368,350.5561884813208,336.4206728987689
352.7066650390625,354.8761361877396,0.06784160208786243,350.700199463163,336.9494501036684
354.7999877929688,354.8662788209307,0.01327012719686417,350.9747500229424,337.5290253202728
368.739990234375,356.6622229483932,0.08784798647649256,352.1644350145321,338.5423898507906
343.8533325195312,355.0041192975754,-0.1783189996279915,351.6078653434109,338.7148267151215
349.8699951171875,354.3395098144564,0.03912325480463879,351.4914853732635,339.0770151964824
343.5033264160156,352.9367719775083,-0.04983280400794039,350.9565422647682,339.2207296506626
331.8833312988281,350.2114159409747,-0.09926039745489407,349.6792663845918,338.9824973740207
332.0899963378906,347.8656083810809,0.001392304195603059,348.501365588513,338.758710122132
314.6333312988281,343.5637088323962,-0.1554737641200906,346.233324649604,337.9754019734659
310.0,339.2189056303496,-0.0438003523619198,343.8068872911443,337.0670904197605
306.1333312988281,334.9359966701099,-0.03737654983368532,341.2840019481683,336.0627262705284
312.4700012207031,332.0277862141924,0.04628103107802178,339.3544145175937,335.2967124432165
276.3666687011719,324.8224859058236,-0.1934339965094327,335.136313610428,333.3833587189106
282.1166687011719,319.2942419247028,0.04651946796577329,331.5857466010743,331.7188204625527
312.239990234375,318.3810730170225,0.2387408130512692,330.2902191707387,331.0863774847432
310.4166564941406,317.3500837844604,-0.009850386235359278,328.9593461307812,330.4152684018023
301.8866577148438,315.3483519902365,-0.04944192470961022,327.1463691765097,329.4889951463127
297.0466613769531,312.9792084496183,-0.03022059720380496,325.1306817895572,328.4356502624563
307.7733459472656,312.305312481131,0.08074086400228919,323.968312933308,327.7647819861508
302.4466552734375,311.0291148589384,-0.03439710627524472,322.5270719026575,326.9427474364223
307.3333435058594,310.550699339096,0.03612587744098759,321.5095933645217,326.3060649633981
310.6666564941406,310.5657099274983,0.02425040365272357,320.783474319357,325.7982811829996
301.5166625976562,309.3943158479436,-0.06272312343543317,319.4932335757311,325.009900209272
286.6666564941406,306.4522331469962,-0.1093066180289608,317.2949359104906,323.7649632745632
291.9200134277344,304.5710454902808,0.04097437015260155,315.595653261835,322.7310143854979
307.4766540527344,304.9471748819724,0.1191528698275947,315.0519481730865,322.2357324336319
307.7966613769531,305.316039303643,0.00232702114727352,314.566083320807,321.7669214747261
292.1166687011719,303.6073882143074,-0.1177962751121486,313.0627131819802,320.8042304970207
285.6600036621094,301.2841093937175,-0.05380551218292916,311.2276357016486,319.6631599521448
273.8433227539062,297.7319150204827,-0.1072584164001126,308.7241201000865,318.1754713244511
254.6799926757812,292.1588679239421,-0.1690463991971564,305.1049465614771,316.1138860535239
266.92333984375,288.8921430290363,0.1074874831161513,302.5480385812728,314.5167564990845
269.9566650390625,286.4409560695156,0.02540884829459947,300.3654917934446,313.0699695756833
290.1433410644531,286.9202277215711,0.1671950120088744,299.6809449390641,312.3255827210501
288.1233215332031,287.0759675377888,-0.01627345018494118,298.9069654746295,311.5397783420985
293.2966613769531,287.8812328511759,0.04014626565401976,298.5312601926394,310.9474567782494
279.7633361816406,286.8303757000842,-0.1142169374986152,297.2744284665583,309.9349638411874
279.4299926757812,285.8724002861953,-0.002791694154022274,296.0794399839364,308.9445216784333
268.1933288574219,283.583854448293,-0.1003177608167042,294.2119905441216,307.6214029208429
274.7999877929688,282.4467878576793,0.05507905424647957,292.9120267915976,306.5557499424579
286.3233337402344,282.9486045385328,0.09375932006116253,292.4708017282656,305.8988393705052
279.4333190917969,282.4935528175996,-0.06372045567496894,291.5977205182105,305.0395509944615
265.1166687011719,280.2441249570595,-0.1387483577431752,289.8243636970645,303.7433260070543
255.4566650390625,277.0354022333548,-0.1057060101794833,287.5228617301737,302.1755440007245
267.2966613769531,275.7747277152886,0.1036303316241144,286.1683735999413,301.0430887122854
280.07666015625,276.3316104465092,0.106902986017542,285.7604297742023,300.3623460648695
290.5333251953125,278.1700144209709,0.08347738491462743,286.0800563022617,300.0432152377052
301.7966613769531,281.2284705606241,0.08668094757321654,287.1325503273113,300.1001465154178
307.0533447265625,284.5714859743533,0.03894484179070367,288.4665863344395,300.3259044953537
331.32666015625,290.6239169351915,0.1767534197593325,291.3367972607977,301.3324438980162
333.0366821289062,296.1142254985716,0.01153978895103215,294.1293138036744,302.3618241285454
337.9733276367188,301.5328626912847,0.03314304673339474,297.0654162490923,303.5180663136297
336.8800048828125,306.1085303370698,-0.00880238782652043,299.7316801430851,304.6012691258549
363.9466552734375,313.595643030091,0.1796436360428286,304.0319649261031,306.5281082701304
366.5233459472656,320.4471043587493,0.01582986135509833,308.2168257678239,308.476046937723
364.663330078125,326.1708698712939,-0.01363663711143145,311.9968792996895,310.3003480937475
359.2000122070312,330.4464737414672,-0.04228244396549038,315.1579319005846,311.8880332207108
361.5299987792969,334.4702185483851,0.01448103460026411,318.263330495707,313.4998195553592
381.8166809082031,340.5991914307848,0.1254416737039716,322.5193082506449,315.7179465434887
363.7533264160156,343.5964811619884,-0.1341675161987279,325.2806270940967,317.2775698980373
348.586669921875,344.2424582860018,-0.123609076263822,326.8413630613881,318.2941206931901
352.4200134277344,345.301038192714,0.02456543243136477,328.5542887569483,319.4021277380006
341.8299865722656,344.8517125156769,-0.09548599398671513,329.4433225249014,320.1303204267792
325.3099975585938,342.3220485222548,-0.1552229559047169,329.1665261169016,320.2984953312737
328.9833374023438,340.5953598814266,0.02522501753165822,329.1542585167035,320.5804767074532
340.7900085449219,340.6205570412712,0.08022044990181387,329.9334698873188,321.2366442638255
328.3333435058594,339.0299841704519,-0.1254719080559192,329.8263142103895,321.4670614668183
334.7633361816406,338.4776689916865,0.0437649289319265,330.1569318025212,321.8987678595251
342.7166748046875,339.0264059063639,0.053098384401485,330.9980202184428,322.5746882735847
325.7333374023438,337.3056256764525,-0.1722314504737913,330.6454601597411,322.6772439931646
336.260009765625,337.1702712857873,0.07223489532949023,331.0214497507153,323.1182522409474
335.0166625976562,336.8914878542282,-0.01150565295803463,331.2889972032486,323.5045724639825
332.67333984375,336.3454509703382,-0.02120601847258586,331.381702488571,323.8022660341999
292.1400146484375,330.623082139219,-0.1906777478708313,328.7538040468708,322.7742490428785
293.836669921875,325.8611017993273,0.0129630347282882,326.4155080304118,321.8346973142029
292.5033264160156,321.5429565662632,-0.007212057825120314,324.1445106772352,320.8823598669054
290.2533264160156,317.492531568641,-0.01262657731996244,321.8749194539865,319.8878896244375
300.9800109863281,315.3549950806994,0.08260823263523052,320.4756499417952,319.2739844327029
303.0833435058594,313.7664366969101,0.01560274226291438,319.3109392095054,318.7483031168615
317.5400085449219,314.2549234469968,0.1066270877802216,319.1923452807025,318.7090719410633
291.0933227539062,311.2566672841161,-0.1297083282834073,317.310637801343,317.8124376796056
288.5499877929688,308.3173004145717,-0.01402619637984122,315.3846231088253,316.8623379751166
262.3699951171875,302.3694476257643,-0.1360132783408743,311.8343920674363,315.0930685173073
266.6799926757812,297.7494677862206,0.03670717470959081,308.8105370212249,313.5211820475599
244.6666717529297,290.8779297410444,-0.1241057719050361,304.5150142529411,311.2855985563292
242.6666717529297,284.6370095516977,-0.0123888369194778,300.3732157773084,309.0576640421164
256.5299987792969,280.9985728397806,0.1277126351420907,297.4371666935489,307.3521841717722
241.4566650390625,275.8798951487811,-0.09429597190778878,293.6883199654791,305.2126738611132
253.8699951171875,273.0307259877827,0.1149257057146646,291.0218058683735,303.5456683955929
236.6033325195312,268.3152204227271,-0.1139582753664377,287.3775635030675,301.3721698071234
236.4733276367188,264.1933053379931,-0.0009047447543346485,283.9686591089933,299.2650198249436
221.3000030517578,258.6407915186709,-0.1085355465476055,279.7719266884315,296.7336343917449
224.9666595458984,254.2816941033036,0.03702364451620465,276.10178189987,294.4034883566946
209.3866729736328,248.4700589072591,-0.1215483964194557,271.6340706357839,291.6431435644003
219.6000061035156,244.7328468342033,0.1090390286962711,268.1495049958771,289.3040310204669
235.9100036621094,243.5907347554491,0.1660411101192956,265.9905220372096,287.5704219139632
253.2100067138672,244.8359440919677,0.163943104278342,265.1346491593874,286.4548003427802
252.7533264160156,245.8608447739849,-0.003059201272635942,264.3055090144465,285.3605734228227
246.7899932861328,245.9811225254967,-0.04194125270226592,263.1325473244313,284.1082552840043
258.3333435058594,247.5801105734465,0.1045149087978218,262.8111590016964,283.271389739555
234.5166625976562,245.88905459157,-0.1511728942133523,260.9163612215453,281.6884104601386
238.2799987792969,244.9040666028229,0.03581287625107621,259.4004717462993,280.2790165352713
238.8866729736328,244.1251183870988,0.005625651723377571,258.0267240102779,278.935080756647
241.8666687011719,243.8327633474315,0.02782470596017678,256.9445334496273,277.7315353438724
239.7066650390625,243.2986422456283,-0.01472672715886029,255.7901649698896,276.4969354328286
232.2299957275391,241.8658121887873,-0.05467266605501636,254.2124109168429,275.059666629972
215.7366638183594,238.4834086506835,-0.1264681378908723,251.6358052352711,273.1335542354917
220.8899993896484,236.2059517321417,0.05334223983022057,249.5768505949996,271.4372989255762
233.0,235.7909430863161,0.1225132199267746,248.4667485009112,270.1893081907745
213.1000061035156,232.8536140756094,-0.148053717260334,246.0983435634692,268.3357200861964
216.7599945068359,230.7703040879052,0.03833447749258699,244.1336420938975,266.6611480048643
237.0366668701172,231.5814812202447,0.2090888184243696,243.6583788940236,265.6992937900273
236.086669921875,232.1646753599154,-0.006748888971971945,243.1513241952049,264.7378245595561
235.0700073242188,232.5407689461323,-0.007202829365751885,242.6101425799118,263.7745632986222
245.7066650390625,234.2450867790639,0.1011049662653943,242.8175074256402,263.1879307761909
244.9199981689453,235.6269480453478,-0.005412619738795452,242.9583049410409,262.5948034942589
232.663330078125,235.2433093688853,-0.08874392863151175,242.2688812722677,261.6229817860727
228.4900054931641,234.3690979862831,-0.03346256305962315,241.3461511813551,260.5472129734123
224.4733276367188,233.0880960887811,-0.03454840265354144,240.2162286642435,259.3759580745656
227.2633361816406,232.3340841998665,0.02770087111079114,239.3488122037382,258.3333183545685
233.0666656494141,232.4289164558501,0.0570058702994549,238.9281156422678,257.512955078426
231.7333374023438,232.3388741391907,-0.01156643578954533,238.446302866984,256.6759367419999
244.5433349609375,233.9187347178404,0.123509032243063,238.8546028668202,256.2820127402228
250.7633361816406,236.0992588888306,0.05678108371612794,239.6520951114997,256.1028311274338
234.3433380126953,235.8719559205183,-0.1281136573169355,239.296583529935,255.3963390856622
233.0700073242188,235.5092452530541,-0.01088894397966661,238.8796083484701,254.671442801169
237.0399932861328,235.7073997236717,0.03799566738950091,238.7564148310215,254.0989809932832
238.3133392333984,236.0447371252902,0.01192151349875816,238.7267433837257,253.5864492804056
240.0666656494141,236.5653735072013,0.0163606048631661,238.8164739694321,253.1474859511032
240.5466613769531,237.0807489792966,0.004381084242210074,238.9323394441944,252.7383595879919
245.5299987792969,238.174499606477,0.04623109365396694,239.3741649527255,252.5043169327444
247.5,239.3816803794003,0.01785023568663566,239.9183278171068,252.3418356622145
271.7066650390625,243.566131435055,0.21859220056075,242.0470976648804,252.9705772313473
272.2433471679688,247.2783808579163,0.004326974119623692,244.0692501609103,253.5963297941829
268.4333190917969,250.0168756957974,-0.02938978624268872,245.7008389712028,254.0780604487925
258.8599853515625,251.1616112594468,-0.07973450034296634,246.5820676382248,254.2333210456353
274.8200073242188,254.2241773033487,0.1377651189838617,248.4730779841599,254.9017341352604
280.8999938964844,257.677346734946,0.04937656831257871,250.6446115364957,255.7458513912702
297.1499938964844,262.787058675218,0.1292569186302714,253.7589378705811,257.090170260295
297.2766723632812,267.2517197392721,0.0007743182615461073,256.6731903646527,258.3949545110536
300.586669921875,271.5669102629619,0.02471654466261391,259.6139447218095,259.7648444715999
307.3966674804688,276.2050521520048,0.050477000091805,262.813810721183,261.3113650505056
308.6333312988281,280.4028746208371,0.008816208495259862,265.8822069434856,262.8478251314784
288.1700134277344,281.4083263641908,-0.1409905331163836,267.3747546689423,263.669991549412
290.42333984375,282.5753147809976,0.01730460785566569,268.9182494674082,264.5386251871328
283.3333435058594,282.6734411724363,-0.0553456305585724,269.8835851918789,265.1488562641356
294.3566589355469,284.1858271307597,0.08681068234949806,271.5224737283914,266.0971816701758
286.6300048828125,284.502224563967,-0.06352381676385087,272.5341798950675,266.763845921824
300.0299987792969,286.5122861894065,0.1043498178987392,274.3754926309901,267.8439387405377
309.3200073242188,289.464732842807,0.06905266777373928,276.7156222421937,269.1905929213665
306.5633239746094,291.6781358332487,-0.02205879564670573,278.7144335367153,270.4040190304535
303.9966735839844,293.2727636060969,-0.02126832856820204,280.4075095199292,271.4947127785404
302.8699951171875,294.5151198191243,-0.009666089610950812,281.9117549830252,272.5134123944525
296.6666564941406,294.7936350297529,-0.05620683962482081,282.8998465973936,273.2976252732965
289.913330078125,294.1618823028215,-0.06692680737387044,283.3695186050042,273.8371076569137
296.4533386230469,294.4585100327062,0.05025968911101091,284.2457028908834,274.5714164529197
297.0966796875,294.8000196084485,0.004673314430685111,285.1062943627826,275.3027716884689
296.0700073242188,294.9644188028759,-0.01050329964297352,285.8405014214591,275.9770468945737
288.0899963378906,294.0745286871191,-0.08548327886416188,285.9911433665657,276.370332819849
284.8200073242188,292.8765361097277,-0.03806552597451509,285.9127158893063,276.6446787230719
277.7000122070312,290.9119436394007,-0.08905761407354239,285.3627356923097,276.6789435243619
275.6099853515625,288.9311137585739,-0.02787841983787973,284.7096231777015,276.6442363536571
277.1600036621094,287.4073501872073,0.01237337643389895,284.204047743707,276.6609824008588
270.2099914550781,285.1811617865387,-0.09796152223671895,283.2669076577919,276.4515301980815
274.4200134277344,283.7881371932046,0.03463534925623143,282.6744576170147,276.3855704616466
283.7000122070312,283.7767294633849,0.07540971912579714,282.7431359399238,276.6230573762198
289.260009765625,284.4865370097993,0.04361830793447147,283.179551484563,277.0333567451987
299.6799926757812,286.4533212873459,0.08034239324144847,284.2845366694617,277.7686527363104
304.4200134277344,288.7790994643512,0.0351638820454999,285.6329493119434,278.633975017912
292.1300048828125,289.212872283219,-0.1515984310232082,286.0680376873436,279.0721671046298
302.6099853515625,290.9471210233742,0.0800103109171474,287.175802436571,279.8363982005628
303.75,292.6044464950863,0.008222019782260627,288.2857268650718,280.612830320105
303.3500061035156,293.9954531334653,-0.005104163733708289,289.2945365803245,281.3510659792065
309.0700073242188,295.9468456820204,0.04195916395555613,290.6188406969945,282.2510507059085
308.7300109863281,297.6016192299556,-0.004289765786921054,291.8316915910386,283.110775452777
300.7999877929688,298.015646238809,-0.09797474883161358,292.4322715586936,283.6851127167936
288.5899963378906,296.7955011685672,-0.1474063781048477,292.1749658814642,283.8443655645225
275.3299865722656,294.0168023955171,-0.1568836570595464,291.0469080095028,283.5679188216626
276.010009765625,291.6858332327341,0.005321104185303637,290.0399319175448,283.3225269565282
282.9400024414062,290.5536903632893,0.05593722974462709,289.5644708802282,283.3101070658508
287.8099975585938,290.198520875233,0.03828334711199249,289.4469790504498,283.4562105069912
268.2099914550781,287.3521181278473,-0.1831560167069759,288.0248015224179,282.9611928901281
265.25,284.491011386235,-0.03056851291762019,286.4996411961185,282.3861419567517
242.3999938964844,279.0423528818938,-0.1790455177823323,283.5464197421801,281.0878628455245
249.4400024414062,275.2103452922619,0.06469118828528979,281.26241500615,280.0603131046556
240.8099975585938,270.7572396557212,-0.07720950486437203,278.5534376245828,278.7859251664714
238.1300048828125,266.533662493163,-0.02546193491959861,275.8464012620534,277.4658997423589
223.0700073242188,260.9073168144516,-0.1410420697721836,272.3121240425617,275.6997618599004
222.9600067138672,255.9950588975037,-0.001296295660024951,269.0071603837345,273.9873958091898
216.5,250.8824457706354,-0.06695001866411422,265.4909129299388,272.1208823099369
217.2400054931641,246.527450827373,0.007396448014767593,262.2596940032635,270.3389978466143
221.7200012207031,243.3161404497298,0.04586354451938507,259.5448720535986,268.7604254961901
204.9900054931641,238.3548438685656,-0.1574833165017917,255.8914958429376,266.6899133758718
219.3500061035156,235.8946783252314,0.1563838278072297,253.4444215903001,265.152870781869
220.1900024414062,233.8617168784532,0.008316387560850583,251.2174726217175,263.6930064143663
222.0399932861328,232.3314014185584,0.01853962798252793,249.2635441161168,262.3406071589505
207.2799987792969,229.088511458264,-0.1390216553245076,246.4520316802312,260.5528871314438
214.4400024414062,227.1922702174801,0.07698802907093646,244.3082818472708,259.0556837784036
211.25,225.1285523180464,-0.03181272646201568,242.094467607026,257.5035182496477
222.4199981689453,224.7779315091633,0.1179789473675048,240.7769272456572,256.3644187494904
224.6399993896484,224.7600762739887,0.02207085177719196,239.6962854613539,255.3343832755006
225.0899963378906,224.8027842404181,0.004232988758528038,238.7181459740071,254.3524018219886
228.5200042724609,225.2839762796704,0.03382556931973405,238.0352069323709,253.5136698170813
227.5399932861328,225.5760164103513,-0.009195231148081144,237.3323738713002,252.6703507349156
227.8200073242188,225.8664997701201,0.002438506209343673,236.6953591402368,251.8635042812905
214.9799957275391,224.4572479541335,-0.121369373953125,235.2411462147974,250.665962356738
215.3099975585938,223.2731415430416,0.003119160203008958,233.9064168140563,249.5180170611579
207.4700012207031,221.2274339301626,-0.08415486400430187,232.1360491472797,248.1527927702048
197.0800018310547,218.101562447088,-0.1216507552839975,229.788450529968,246.4945500825727
191.3000030517578,214.632115680577,-0.07584649997381182,227.2109943419595,244.7024813052852
177.5899963378906,209.8370341973485,-0.1730335083714405,223.888024548669,242.5234582795312
190.7200012207031,207.3623450470723,0.1649969059264511,221.6668612497577,240.8414921625016
195.9700012207031,205.8876125560119,0.06123521132414938,219.9460194067146,239.3845946566272
190.9499969482422,203.9539466298871,-0.06473339754289542,218.0042425253391,237.8120094111117
194.4199981689453,202.7197823720544,0.04031844339998147,216.4248762339265,236.4031479797955
186.9199981689453,200.6745092069191,-0.1042776688237381,214.4490228148434,234.7965181123885
183.1699981689453,198.4085601132766,-0.05556542266989374,212.3543601066611,233.120296828811
180.1900024414062,196.0501780850959,-0.04571125363734195,210.2004092946788,231.4017443078322
167.8699951171875,192.402269273688,-0.1760022716244266,207.3656680902043,229.3389814043308
169.9100036621094,189.4906581600752,0.02685833951515183,204.8573742934536,227.409428192884
183.1999969482422,188.6763356097085,0.174574313102954,203.4070445214863,225.9740265878904
182.8600006103516,187.9234143203607,-0.004767270394272567,202.0310704579958,224.5741908437158
182.9199981689453,187.2757249179649,0.0004205875462332734,200.7512591182742,223.2217532905343
180.8300018310547,186.4413296952152,-0.02813477782708649,199.4171921129235,221.8453685153792
194.6999969482422,187.5104095190443,0.1711847052938927,199.1012956644078,220.9640065792809
194.6999969482422,188.4410975618872,-0.000357744150023002,198.8065538560333,220.1112608977248
194.8600006103516,189.2720209457677,0.001479710106496223,198.5422649914293,219.2913973861589
182.4499969482422,188.3889137821077,-0.1493916109228873,197.4646139411892,218.0952226372442
179.8200073242188,187.2796736679658,-0.03502025843184856,196.2830074205409,216.8524944694086
174.0399932861328,185.5658045003981,-0.08318558766684317,194.793459304755,215.4624486990369
173.4400024414062,183.9961262542789,-0.009066570328454109,193.3634821782687,214.0980546069696
179.0500030517578,183.3558533918446,0.07196355110079328,192.4049513004659,212.9601067067635
167.8200073242188,181.3447468696723,-0.1498560621941776,190.7585711491415,211.4944879625507
160.9499969482422,178.7046579806267,-0.1043342574708324,188.7623801083541,209.8533982338937
156.8000030517578,175.8691127388919,-0.06997823926151828,186.6219553335013,208.1308488490533
157.6699981689453,173.513247609303,0.01204801388827862,184.6831293730365,206.4924747732919
150.2299957275391,170.4992437685742,-0.1333378797403531,182.375906080615,204.6657321428322
149.8699951171875,167.828799151028,-0.00674585865186975,180.1990824660233,202.88661201713
137.8000030517578,163.9415884110819,-0.1763682118560779,177.3597429560566,200.7733655821055
137.5700073242188,160.5278020943969,-0.003873678131782212,174.6951433932512,198.7212649481471
125.3499984741211,155.9740552312726,-0.1618477655762106,171.3906466558343,196.3390304182775
123.1500015258789,151.7249999687716,-0.03347166728460261,168.1601149651467,193.9627128185697
109.0999984741211,146.2072175357872,-0.169575329402718,164.205035644255,191.2073714141613
112.7099990844727,141.8710214761178,0.07362579262788377,160.7565670951437,188.6587013440603
121.8199996948242,139.2754280011922,0.1803632129263248,158.1491016565188,186.4885675757307
123.1800003051758,137.1918839524349,0.02460389308112892,155.8073255503732,184.4330509922491
